"TypePOV";"GosNumberPOV";"NamePOV";"DesignationSiPOV";"DeviceMarkPOV";"DeviceCountPOV";"SerialNumPOV";"SerialNumEndPOV";"CalibrationDatePOV";"NextcheckDatePOV";"MarkCipherPOV";"DocPOV";"DeprcatedPOV";"NumCertfPOV";"NumSvidPOV";"PrimPOV";"ScopePOV";"StandartPOV";"GpsPOV";"SiPOV";"SoPOV"
"1";"68003-17";"";"";"TAF16-41XY8N30FR";"1";"NC03E9141D7";"";"2019-01-14";"2021-01-14";"Нет данных";"МП 207.1-024-2017";"Пригодно";"паспорт";"";"";"Осуществление производственного контроля за соблюдением установленных законодательством Российской Федерации требований промышленной безопасности к эксплуатации опасного производственного объекта";"3.1.ZZM.0021.2012| 3.1.ZZM.0022.2012| 3.1.ZZM.0023.2012| 3.1.ZZM.0327.2015";"";"";""
"1";"68003-17";"";"";"TAF16-41XY8N30FR";"1";"NC03EA141D7";"";"2019-01-14";"2021-01-14";"Нет данных";"МП 207.1-024-2017";"Пригодно";"паспорт";"";"";"Осуществление производственного контроля за соблюдением установленных законодательством Российской Федерации требований промышленной безопасности к эксплуатации опасного производственного объекта";"3.1.ZZM.0021.2012| 3.1.ZZM.0022.2012| 3.1.ZZM.0023.2012| 3.1.ZZM.0327.2015";"";"";""
"1";"68003-17";"";"";"TAF16-41XY8N30FR";"1";"NC03EB141D7";"";"2019-01-14";"2021-01-14";"Нет данных";"МП 207.1-024-2017";"Пригодно";"паспорт";"";"";"Осуществление производственного контроля за соблюдением установленных законодательством Российской Федерации требований промышленной безопасности к эксплуатации опасного производственного объекта";"3.1.ZZM.0021.2012| 3.1.ZZM.0022.2012| 3.1.ZZM.0023.2012| 3.1.ZZM.0327.2015";"";"";""
"1";"68003-17";"";"";"TAF16-41XY8N30FR";"1";"NC03EC141D7";"";"2019-01-14";"2021-01-14";"Нет данных";"МП 207.1-024-2017";"Пригодно";"паспорт";"";"";"Осуществление производственного контроля за соблюдением установленных законодательством Российской Федерации требований промышленной безопасности к эксплуатации опасного производственного объекта";"3.1.ZZM.0021.2012| 3.1.ZZM.0022.2012| 3.1.ZZM.0023.2012| 3.1.ZZM.0327.2015";"";"";""
"1";"68003-17";"";"";"TC62-CSEB3XCB10";"1";"NC0425142EE";"";"2019-01-14";"2021-01-14";"Нет данных";"МП 207.1-024-2017";"Пригодно";"паспорт";"";"";"Осуществление производственного контроля за соблюдением установленных законодательством Российской Федерации требований промышленной безопасности к эксплуатации опасного производственного объекта";"3.1.ZZM.0021.2012| 3.1.ZZM.0022.2012| 3.1.ZZM.0023.2012| 3.1.ZZM.0327.2015";"";"";""
"1";"57947-14";"";"";"TMT182-UAAAA";"1";"NC051C04125";"";"2019-01-14";"2024-01-14";"Нет данных";"МП 57947-14";"Пригодно";"паспорт";"";"";"Осуществление производственного контроля за соблюдением установленных законодательством Российской Федерации требований промышленной безопасности к эксплуатации опасного производственного объекта";"3.1.ZZM.0021.2012| 3.1.ZZM.0022.2012| 3.1.ZZM.0023.2012| 3.1.ZZM.0327.2015";"";"";""
"1";"57947-14";"";"";"TMT182-UAAAA";"1";"NC051D04125";"";"2019-01-14";"2024-01-14";"Нет данных";"МП 57947-14";"Пригодно";"паспорт";"";"";"Осуществление производственного контроля за соблюдением установленных законодательством Российской Федерации требований промышленной безопасности к эксплуатации опасного производственного объекта";"3.1.ZZM.0021.2012| 3.1.ZZM.0022.2012| 3.1.ZZM.0023.2012| 3.1.ZZM.0327.2015";"";"";""
"1";"57947-14";"";"";"TMT182-UAAAA";"1";"NC051E04125";"";"2019-01-14";"2024-01-14";"Нет данных";"МП 57947-14";"Пригодно";"паспорт";"";"";"Осуществление производственного контроля за соблюдением установленных законодательством Российской Федерации требований промышленной безопасности к эксплуатации опасного производственного объекта";"3.1.ZZM.0021.2012| 3.1.ZZM.0022.2012| 3.1.ZZM.0023.2012| 3.1.ZZM.0327.2015";"";"";""
"1";"57947-14";"";"";"TMT182-UAAAA";"1";"NC051F04125";"";"2019-01-14";"2024-01-14";"Нет данных";"МП 57947-14";"Пригодно";"паспорт";"";"";"Осуществление производственного контроля за соблюдением установленных законодательством Российской Федерации требований промышленной безопасности к эксплуатации опасного производственного объекта";"3.1.ZZM.0021.2012| 3.1.ZZM.0022.2012| 3.1.ZZM.0023.2012| 3.1.ZZM.0327.2015";"";"";""
"1";"57947-14";"";"";"TMT182-UAAAA";"1";"NC052004125";"";"2019-01-14";"2024-01-14";"Нет данных";"МП 57947-14";"Пригодно";"паспорт";"";"";"Осуществление производственного контроля за соблюдением установленных законодательством Российской Федерации требований промышленной безопасности к эксплуатации опасного производственного объекта";"3.1.ZZM.0021.2012| 3.1.ZZM.0022.2012| 3.1.ZZM.0023.2012| 3.1.ZZM.0327.2015";"";"";""
"1";"68002-17";"";"";"TR24-AF2AXKC000";"1";"NC048614150";"";"2019-01-14";"2021-01-14";"Нет данных";"МП 207.1-023-2017";"Пригодно";"паспорт";"";"";"Осуществление производственного контроля за соблюдением установленных законодательством Российской Федерации требований промышленной безопасности к эксплуатации опасного производственного объекта";"3.1.ZZM.0021.2012| 3.1.ZZM.0022.2012| 3.1.ZZM.0023.2012| 3.1.ZZM.0327.2015";"";"";""
"1";"68002-17";"";"";"TR24-AF2AXKC000";"1";"NC048714150";"";"2019-01-14";"2021-01-14";"Нет данных";"МП 207.1-023-2017";"Пригодно";"паспорт";"";"";"Осуществление производственного контроля за соблюдением установленных законодательством Российской Федерации требований промышленной безопасности к эксплуатации опасного производственного объекта";"3.1.ZZM.0021.2012| 3.1.ZZM.0022.2012| 3.1.ZZM.0023.2012| 3.1.ZZM.0327.2015";"";"";""
"1";"68002-17";"";"";"TR24-AF2AXKC000";"1";"NC048814150";"";"2019-01-14";"2021-01-14";"Нет данных";"МП 207.1-023-2017";"Пригодно";"паспорт";"";"";"Осуществление производственного контроля за соблюдением установленных законодательством Российской Федерации требований промышленной безопасности к эксплуатации опасного производственного объекта";"3.1.ZZM.0021.2012| 3.1.ZZM.0022.2012| 3.1.ZZM.0023.2012| 3.1.ZZM.0327.2015";"";"";""
"1";"68002-17";"";"";"TR24-AF2AXKC000";"1";"NC048914150";"";"2019-01-14";"2021-01-14";"Нет данных";"МП 207.1-023-2017";"Пригодно";"паспорт";"";"";"Осуществление производственного контроля за соблюдением установленных законодательством Российской Федерации требований промышленной безопасности к эксплуатации опасного производственного объекта";"3.1.ZZM.0021.2012| 3.1.ZZM.0022.2012| 3.1.ZZM.0023.2012| 3.1.ZZM.0327.2015";"";"";""
"1";"68002-17";"";"";"TR24-AF2AXKC000";"1";"NC048A14150";"";"2019-01-14";"2021-01-14";"Нет данных";"МП 207.1-023-2017";"Пригодно";"паспорт";"";"";"Осуществление производственного контроля за соблюдением установленных законодательством Российской Федерации требований промышленной безопасности к эксплуатации опасного производственного объекта";"3.1.ZZM.0021.2012| 3.1.ZZM.0022.2012| 3.1.ZZM.0023.2012| 3.1.ZZM.0327.2015";"";"";""
"1";"55540-13";"";"";"TM411-2PPC5/101";"1";"NC079914457";"";"2019-01-14";"2021-01-14";"Нет данных";"МП 55540-13";"Пригодно";"паспорт";"";"";"Осуществление производственного контроля за соблюдением установленных законодательством Российской Федерации требований промышленной безопасности к эксплуатации опасного производственного объекта";"3.1.ZZM.0021.2012| 3.1.ZZM.0022.2012| 3.1.ZZM.0023.2012| 3.1.ZZM.0327.2015";"";"";""
"1";"55540-13";"";"";"TM411-JFU3/1C3";"1";"NC079514457";"";"2019-01-14";"2021-01-14";"Нет данных";"МП 55540-13";"Пригодно";"паспорт";"";"";"Осуществление производственного контроля за соблюдением установленных законодательством Российской Федерации требований промышленной безопасности к эксплуатации опасного производственного объекта";"3.1.ZZM.0021.2012| 3.1.ZZM.0022.2012| 3.1.ZZM.0023.2012| 3.1.ZZM.0327.2015";"";"";""
"1";"55540-13";"";"";"TM411-JFU3/1C3";"1";"NC079614457";"";"2019-01-14";"2021-01-14";"Нет данных";"МП 55540-13";"Пригодно";"паспорт";"";"";"Осуществление производственного контроля за соблюдением установленных законодательством Российской Федерации требований промышленной безопасности к эксплуатации опасного производственного объекта";"3.1.ZZM.0021.2012| 3.1.ZZM.0022.2012| 3.1.ZZM.0023.2012| 3.1.ZZM.0327.2015";"";"";""
"1";"55540-13";"";"";"TM411-JFU3/1C3";"1";"NC079714457";"";"2019-01-14";"2021-01-14";"Нет данных";"МП 55540-13";"Пригодно";"паспорт";"";"";"Осуществление производственного контроля за соблюдением установленных законодательством Российской Федерации требований промышленной безопасности к эксплуатации опасного производственного объекта";"3.1.ZZM.0021.2012| 3.1.ZZM.0022.2012| 3.1.ZZM.0023.2012| 3.1.ZZM.0327.2015";"";"";""
"1";"55540-13";"";"";"TM411-JFU3/1C3";"1";"NC079814457";"";"2019-01-14";"2021-01-14";"Нет данных";"МП 55540-13";"Пригодно";"паспорт";"";"";"Осуществление производственного контроля за соблюдением установленных законодательством Российской Федерации требований промышленной безопасности к эксплуатации опасного производственного объекта";"3.1.ZZM.0021.2012| 3.1.ZZM.0022.2012| 3.1.ZZM.0023.2012| 3.1.ZZM.0327.2015";"";"";""
"1";"68002-17";"";"";"TR24-AB2AXKC0A4";"1";"NC046814150";"";"2019-01-14";"2021-01-14";"Нет данных";"МП 207.1-023-2017";"Пригодно";"паспорт";"";"";"Осуществление производственного контроля за соблюдением установленных законодательством Российской Федерации требований промышленной безопасности к эксплуатации опасного производственного объекта";"3.1.ZZM.0021.2012| 3.1.ZZM.0022.2012| 3.1.ZZM.0023.2012| 3.1.ZZM.0327.2015";"";"";""
"1";"68002-17";"";"";"TR24-AB2AXKC0A4";"1";"NC046914150";"";"2019-01-14";"2021-01-14";"Нет данных";"МП 207.1-023-2017";"Пригодно";"паспорт";"";"";"Осуществление производственного контроля за соблюдением установленных законодательством Российской Федерации требований промышленной безопасности к эксплуатации опасного производственного объекта";"3.1.ZZM.0021.2012| 3.1.ZZM.0022.2012| 3.1.ZZM.0023.2012| 3.1.ZZM.0327.2015";"";"";""
"1";"68002-17";"";"";"TR24-AF2AXKC0A4";"1";"NC046214150";"";"2019-01-14";"2021-01-14";"Нет данных";"МП 207.1-023-2017";"Пригодно";"паспорт";"";"";"Осуществление производственного контроля за соблюдением установленных законодательством Российской Федерации требований промышленной безопасности к эксплуатации опасного производственного объекта";"3.1.ZZM.0021.2012| 3.1.ZZM.0022.2012| 3.1.ZZM.0023.2012| 3.1.ZZM.0327.2015";"";"";""
"1";"68002-17";"";"";"TR24-AF2AXKC0A4";"1";"NC046314150";"";"2019-01-14";"2021-01-14";"Нет данных";"МП 207.1-023-2017";"Пригодно";"паспорт";"";"";"Осуществление производственного контроля за соблюдением установленных законодательством Российской Федерации требований промышленной безопасности к эксплуатации опасного производственного объекта";"3.1.ZZM.0021.2012| 3.1.ZZM.0022.2012| 3.1.ZZM.0023.2012| 3.1.ZZM.0327.2015";"";"";""
"1";"68002-17";"";"";"TR24-AF2AXKC0A4";"1";"NC046414150";"";"2019-01-14";"2021-01-14";"Нет данных";"МП 207.1-023-2017";"Пригодно";"паспорт";"";"";"Осуществление производственного контроля за соблюдением установленных законодательством Российской Федерации требований промышленной безопасности к эксплуатации опасного производственного объекта";"3.1.ZZM.0021.2012| 3.1.ZZM.0022.2012| 3.1.ZZM.0023.2012| 3.1.ZZM.0327.2015";"";"";""
"1";"68002-17";"";"";"TR24-AF2BXKC0A4";"1";"NC046514150";"";"2019-01-14";"2021-01-14";"Нет данных";"МП 207.1-023-2017";"Пригодно";"паспорт";"";"";"Осуществление производственного контроля за соблюдением установленных законодательством Российской Федерации требований промышленной безопасности к эксплуатации опасного производственного объекта";"3.1.ZZM.0021.2012| 3.1.ZZM.0022.2012| 3.1.ZZM.0023.2012| 3.1.ZZM.0327.2015";"";"";""
"1";"68002-17";"";"";"TR24-AF2BXKC0A4";"1";"NC046614150";"";"2019-01-14";"2021-01-14";"Нет данных";"МП 207.1-023-2017";"Пригодно";"паспорт";"";"";"Осуществление производственного контроля за соблюдением установленных законодательством Российской Федерации требований промышленной безопасности к эксплуатации опасного производственного объекта";"3.1.ZZM.0021.2012| 3.1.ZZM.0022.2012| 3.1.ZZM.0023.2012| 3.1.ZZM.0327.2015";"";"";""
"1";"68002-17";"";"";"TR24-AF2BXKC0A4";"1";"NC046714150";"";"2019-01-14";"2021-01-14";"Нет данных";"МП 207.1-023-2017";"Пригодно";"паспорт";"";"";"Осуществление производственного контроля за соблюдением установленных законодательством Российской Федерации требований промышленной безопасности к эксплуатации опасного производственного объекта";"3.1.ZZM.0021.2012| 3.1.ZZM.0022.2012| 3.1.ZZM.0023.2012| 3.1.ZZM.0327.2015";"";"";""
"1";"55540-13";"";"";"TM411-PCK5/115";"1";"NC062214457";"";"2019-01-14";"2021-01-14";"Нет данных";"МП 55540-13";"Пригодно";"паспорт";"";"";"Осуществление производственного контроля за соблюдением установленных законодательством Российской Федерации требований промышленной безопасности к эксплуатации опасного производственного объекта";"3.1.ZZM.0021.2012| 3.1.ZZM.0022.2012| 3.1.ZZM.0023.2012| 3.1.ZZM.0327.2015";"";"";""
"1";"55540-13";"";"";"TM411-PCK5/115";"1";"NC062314457";"";"2019-01-14";"2021-01-14";"Нет данных";"МП 55540-13";"Пригодно";"паспорт";"";"";"Осуществление производственного контроля за соблюдением установленных законодательством Российской Федерации требований промышленной безопасности к эксплуатации опасного производственного объекта";"3.1.ZZM.0021.2012| 3.1.ZZM.0022.2012| 3.1.ZZM.0023.2012| 3.1.ZZM.0327.2015";"";"";""
"1";"68002-17";"";"";"TR24-AR2BL37004";"1";"NC046A14150";"";"2019-01-14";"2021-01-14";"Нет данных";"МП 207.1-023-2017";"Пригодно";"паспорт";"";"";"Осуществление производственного контроля за соблюдением установленных законодательством Российской Федерации требований промышленной безопасности к эксплуатации опасного производственного объекта";"3.1.ZZM.0021.2012| 3.1.ZZM.0022.2012| 3.1.ZZM.0023.2012| 3.1.ZZM.0327.2015";"";"";""
"1";"68002-17";"";"";"TR24-AR2BL37004";"1";"NC046B14150";"";"2019-01-14";"2021-01-14";"Нет данных";"МП 207.1-023-2017";"Пригодно";"паспорт";"";"";"Осуществление производственного контроля за соблюдением установленных законодательством Российской Федерации требований промышленной безопасности к эксплуатации опасного производственного объекта";"3.1.ZZM.0021.2012| 3.1.ZZM.0022.2012| 3.1.ZZM.0023.2012| 3.1.ZZM.0327.2015";"";"";""
"1";"68002-17";"";"";"TR61-EDEA1BKSXK3Y";"1";"NC048F14308";"";"2019-01-14";"2021-01-14";"Нет данных";"МП 207.1-023-2017";"Пригодно";"паспорт";"";"";"Осуществление производственного контроля за соблюдением установленных законодательством Российской Федерации требований промышленной безопасности к эксплуатации опасного производственного объекта";"3.1.ZZM.0021.2012| 3.1.ZZM.0022.2012| 3.1.ZZM.0023.2012| 3.1.ZZM.0327.2015";"";"";""
"1";"68002-17";"";"";"TR61-EDEA1BKSXK3Y";"1";"NC049014308";"";"2019-01-14";"2021-01-14";"Нет данных";"МП 207.1-023-2017";"Пригодно";"паспорт";"";"";"Осуществление производственного контроля за соблюдением установленных законодательством Российской Федерации требований промышленной безопасности к эксплуатации опасного производственного объекта";"3.1.ZZM.0021.2012| 3.1.ZZM.0022.2012| 3.1.ZZM.0023.2012| 3.1.ZZM.0327.2015";"";"";""
"1";"68002-17";"";"";"TR61-EDEA1BKSXK3Y";"1";"NC049114308";"";"2019-01-14";"2021-01-14";"Нет данных";"МП 207.1-023-2017";"Пригодно";"паспорт";"";"";"Осуществление производственного контроля за соблюдением установленных законодательством Российской Федерации требований промышленной безопасности к эксплуатации опасного производственного объекта";"3.1.ZZM.0021.2012| 3.1.ZZM.0022.2012| 3.1.ZZM.0023.2012| 3.1.ZZM.0327.2015";"";"";""
"1";"68002-17";"";"";"TR61-EDEA1BKSXK3Y";"1";"NC049214308";"";"2019-01-14";"2021-01-14";"Нет данных";"МП 207.1-023-2017";"Пригодно";"паспорт";"";"";"Осуществление производственного контроля за соблюдением установленных законодательством Российской Федерации требований промышленной безопасности к эксплуатации опасного производственного объекта";"3.1.ZZM.0021.2012| 3.1.ZZM.0022.2012| 3.1.ZZM.0023.2012| 3.1.ZZM.0327.2015";"";"";""
"1";"68002-17";"";"";"TR15-G1O1E1HBH210B";"1";"NC044214154";"";"2019-01-14";"2021-01-14";"Нет данных";"МП 207.1-023-2017";"Пригодно";"паспорт";"";"";"Осуществление производственного контроля за соблюдением установленных законодательством Российской Федерации требований промышленной безопасности к эксплуатации опасного производственного объекта";"3.1.ZZM.0021.2012| 3.1.ZZM.0022.2012| 3.1.ZZM.0023.2012| 3.1.ZZM.0327.2015";"";"";""
"1";"68002-17";"";"";"TR15-G1O1E1PBH210B";"1";"NC044314154";"";"2019-01-14";"2021-01-14";"Нет данных";"МП 207.1-023-2017";"Пригодно";"паспорт";"";"";"Осуществление производственного контроля за соблюдением установленных законодательством Российской Федерации требований промышленной безопасности к эксплуатации опасного производственного объекта";"3.1.ZZM.0021.2012| 3.1.ZZM.0022.2012| 3.1.ZZM.0023.2012| 3.1.ZZM.0327.2015";"";"";""
"1";"55540-13";"";"";"TMR35-U1AAADAB1AAA";"1";"P105040435C";"";"2019-01-14";"2021-01-14";"Нет данных";"МП 55540-13";"Пригодно";"паспорт";"";"";"Осуществление производственного контроля за соблюдением установленных законодательством Российской Федерации требований промышленной безопасности к эксплуатации опасного производственного объекта";"3.1.ZZM.0021.2012| 3.1.ZZM.0022.2012| 3.1.ZZM.0023.2012| 3.1.ZZM.0327.2015";"";"";""
"1";"68002-17";"";"";"TR65-EBEAAX91C3ATZ1";"1";"NB03F81430B";"";"2019-01-14";"2021-01-14";"Нет данных";"МП 207.1-023-2017";"Пригодно";"паспорт";"";"";"Осуществление производственного контроля за соблюдением установленных законодательством Российской Федерации требований промышленной безопасности к эксплуатации опасного производственного объекта";"3.1.ZZM.0021.2012| 3.1.ZZM.0022.2012| 3.1.ZZM.0023.2012| 3.1.ZZM.0327.2015";"";"";""
"1";"68002-17";"";"";"TR65-EBEAAX91C3ATZ1";"1";"NB03F91430B";"";"2019-01-14";"2021-01-14";"Нет данных";"МП 207.1-023-2017";"Пригодно";"паспорт";"";"";"Осуществление производственного контроля за соблюдением установленных законодательством Российской Федерации требований промышленной безопасности к эксплуатации опасного производственного объекта";"3.1.ZZM.0021.2012| 3.1.ZZM.0022.2012| 3.1.ZZM.0023.2012| 3.1.ZZM.0327.2015";"";"";""
"1";"55540-13";"";"";"TMR35-U11BADAC1ABA";"1";"P1042B0435C";"";"2019-01-14";"2021-01-14";"Нет данных";"МП 55540-13";"Пригодно";"паспорт";"";"";"Осуществление производственного контроля за соблюдением установленных законодательством Российской Федерации требований промышленной безопасности к эксплуатации опасного производственного объекта";"3.1.ZZM.0021.2012| 3.1.ZZM.0022.2012| 3.1.ZZM.0023.2012| 3.1.ZZM.0327.2015";"";"";""
"1";"55540-13";"";"";"TMR35-U11BADAC1ABA";"1";"P1042C0435C";"";"2019-01-14";"2021-01-14";"Нет данных";"МП 55540-13";"Пригодно";"паспорт";"";"";"Осуществление производственного контроля за соблюдением установленных законодательством Российской Федерации требований промышленной безопасности к эксплуатации опасного производственного объекта";"3.1.ZZM.0021.2012| 3.1.ZZM.0022.2012| 3.1.ZZM.0023.2012| 3.1.ZZM.0327.2015";"";"";""
"1";"55540-13";"";"";"TMR35-U11BADAC1ABA";"1";"P1042D0435C";"";"2019-01-14";"2021-01-14";"Нет данных";"МП 55540-13";"Пригодно";"паспорт";"";"";"Осуществление производственного контроля за соблюдением установленных законодательством Российской Федерации требований промышленной безопасности к эксплуатации опасного производственного объекта";"3.1.ZZM.0021.2012| 3.1.ZZM.0022.2012| 3.1.ZZM.0023.2012| 3.1.ZZM.0327.2015";"";"";""
"1";"68002-17";"";"";"TR10-UBA1CARAC3000";"1";"NB07BE14152";"";"2019-01-14";"2021-01-14";"Нет данных";"МП 207.1-023-2017";"Пригодно";"паспорт";"";"";"Осуществление производственного контроля за соблюдением установленных законодательством Российской Федерации требований промышленной безопасности к эксплуатации опасного производственного объекта";"3.1.ZZM.0021.2012| 3.1.ZZM.0022.2012| 3.1.ZZM.0023.2012| 3.1.ZZM.0327.2015";"";"";""
"1";"68002-17";"";"";"TR10-UBA1CARAC3000";"1";"NB07BF14152";"";"2019-01-14";"2021-01-14";"Нет данных";"МП 207.1-023-2017";"Пригодно";"паспорт";"";"";"Осуществление производственного контроля за соблюдением установленных законодательством Российской Федерации требований промышленной безопасности к эксплуатации опасного производственного объекта";"3.1.ZZM.0021.2012| 3.1.ZZM.0022.2012| 3.1.ZZM.0023.2012| 3.1.ZZM.0327.2015";"";"";""
"1";"68002-17";"";"";"TR10-UBA1CARAC3000";"1";"NB07C014152";"";"2019-01-14";"2021-01-14";"Нет данных";"МП 207.1-023-2017";"Пригодно";"паспорт";"";"";"Осуществление производственного контроля за соблюдением установленных законодательством Российской Федерации требований промышленной безопасности к эксплуатации опасного производственного объекта";"3.1.ZZM.0021.2012| 3.1.ZZM.0022.2012| 3.1.ZZM.0023.2012| 3.1.ZZM.0327.2015";"";"";""
"1";"68002-17";"";"";"TR10-UBA1CARAC3000";"1";"NB07C114152";"";"2019-01-14";"2021-01-14";"Нет данных";"МП 207.1-023-2017";"Пригодно";"паспорт";"";"";"Осуществление производственного контроля за соблюдением установленных законодательством Российской Федерации требований промышленной безопасности к эксплуатации опасного производственного объекта";"3.1.ZZM.0021.2012| 3.1.ZZM.0022.2012| 3.1.ZZM.0023.2012| 3.1.ZZM.0327.2015";"";"";""
"1";"68002-17";"";"";"TR10-UBA1CARAC3000";"1";"NB07C214152";"";"2019-01-14";"2021-01-14";"Нет данных";"МП 207.1-023-2017";"Пригодно";"паспорт";"";"";"Осуществление производственного контроля за соблюдением установленных законодательством Российской Федерации требований промышленной безопасности к эксплуатации опасного производственного объекта";"3.1.ZZM.0021.2012| 3.1.ZZM.0022.2012| 3.1.ZZM.0023.2012| 3.1.ZZM.0327.2015";"";"";""
"1";"68002-17";"";"";"TR10-UBA1CARAC3000";"1";"NB07C314152";"";"2019-01-14";"2021-01-14";"Нет данных";"МП 207.1-023-2017";"Пригодно";"паспорт";"";"";"Осуществление производственного контроля за соблюдением установленных законодательством Российской Федерации требований промышленной безопасности к эксплуатации опасного производственного объекта";"3.1.ZZM.0021.2012| 3.1.ZZM.0022.2012| 3.1.ZZM.0023.2012| 3.1.ZZM.0327.2015";"";"";""
"1";"68002-17";"";"";"TR10-UBA1CARAC3000";"1";"NB07C414152";"";"2019-01-14";"2021-01-14";"Нет данных";"МП 207.1-023-2017";"Пригодно";"паспорт";"";"";"Осуществление производственного контроля за соблюдением установленных законодательством Российской Федерации требований промышленной безопасности к эксплуатации опасного производственного объекта";"3.1.ZZM.0021.2012| 3.1.ZZM.0022.2012| 3.1.ZZM.0023.2012| 3.1.ZZM.0327.2015";"";"";""
"1";"68002-17";"";"";"TST310-A1A1A3G8C9A";"1";"NC03E914175";"";"2019-01-14";"2021-01-14";"Нет данных";"МП 207.1-023-2017";"Пригодно";"паспорт";"";"";"Осуществление производственного контроля за соблюдением установленных законодательством Российской Федерации требований промышленной безопасности к эксплуатации опасного производственного объекта";"3.1.ZZM.0021.2012| 3.1.ZZM.0022.2012| 3.1.ZZM.0023.2012| 3.1.ZZM.0327.2015";"";"";""
"1";"68002-17";"";"";"TST310-A1A1A3G8C9A";"1";"NC03EA14175";"";"2019-01-14";"2021-01-14";"Нет данных";"МП 207.1-023-2017";"Пригодно";"паспорт";"";"";"Осуществление производственного контроля за соблюдением установленных законодательством Российской Федерации требований промышленной безопасности к эксплуатации опасного производственного объекта";"3.1.ZZM.0021.2012| 3.1.ZZM.0022.2012| 3.1.ZZM.0023.2012| 3.1.ZZM.0327.2015";"";"";""
"1";"68002-17";"";"";"TST310-A1A1A3G8C9A";"1";"NC03EB14175";"";"2019-01-14";"2021-01-14";"Нет данных";"МП 207.1-023-2017";"Пригодно";"паспорт";"";"";"Осуществление производственного контроля за соблюдением установленных законодательством Российской Федерации требований промышленной безопасности к эксплуатации опасного производственного объекта";"3.1.ZZM.0021.2012| 3.1.ZZM.0022.2012| 3.1.ZZM.0023.2012| 3.1.ZZM.0327.2015";"";"";""
"1";"68002-17";"";"";"TST310-A1A1A3G8C9A";"1";"NC03EC14175";"";"2019-01-14";"2021-01-14";"Нет данных";"МП 207.1-023-2017";"Пригодно";"паспорт";"";"";"Осуществление производственного контроля за соблюдением установленных законодательством Российской Федерации требований промышленной безопасности к эксплуатации опасного производственного объекта";"3.1.ZZM.0021.2012| 3.1.ZZM.0022.2012| 3.1.ZZM.0023.2012| 3.1.ZZM.0327.2015";"";"";""
"1";"68002-17";"";"";"TR10-UBA1CARCH3000";"1";"NC040914152";"";"2019-01-14";"2021-01-14";"Нет данных";"МП 207.1-023-2017";"Пригодно";"паспорт";"";"";"Осуществление производственного контроля за соблюдением установленных законодательством Российской Федерации требований промышленной безопасности к эксплуатации опасного производственного объекта";"3.1.ZZM.0021.2012| 3.1.ZZM.0022.2012| 3.1.ZZM.0023.2012| 3.1.ZZM.0327.2015";"";"";""
"1";"68002-17";"";"";"TR10-UBA1CARCC3000";"1";"NC040A14152";"";"2019-01-14";"2021-01-14";"Нет данных";"МП 207.1-023-2017";"Пригодно";"паспорт";"";"";"Осуществление производственного контроля за соблюдением установленных законодательством Российской Федерации требований промышленной безопасности к эксплуатации опасного производственного объекта";"3.1.ZZM.0021.2012| 3.1.ZZM.0022.2012| 3.1.ZZM.0023.2012| 3.1.ZZM.0327.2015";"";"";""
"1";"68002-17";"";"";"TR10-UBF1BHSXH3000";"1";"NC040B14152";"";"2019-01-14";"2021-01-14";"Нет данных";"МП 207.1-023-2017";"Пригодно";"паспорт";"";"";"Осуществление производственного контроля за соблюдением установленных законодательством Российской Федерации требований промышленной безопасности к эксплуатации опасного производственного объекта";"3.1.ZZM.0021.2012| 3.1.ZZM.0022.2012| 3.1.ZZM.0023.2012| 3.1.ZZM.0327.2015";"";"";""
"1";"68002-17";"";"";"TR10-UBA1CASFC30Y0";"1";"NC040C14152";"";"2019-01-14";"2021-01-14";"Нет данных";"МП 207.1-023-2017";"Пригодно";"паспорт";"";"";"Осуществление производственного контроля за соблюдением установленных законодательством Российской Федерации требований промышленной безопасности к эксплуатации опасного производственного объекта";"3.1.ZZM.0021.2012| 3.1.ZZM.0022.2012| 3.1.ZZM.0023.2012| 3.1.ZZM.0327.2015";"";"";""
"1";"63821-16";"";"";"TMT142R-B1Y41N34X0";"1";"NC03EF14360";"";"2019-01-17";"2021-01-17";"Нет данных";"МП 63821-16";"Пригодно";"паспорт";"";"";"Осуществление производственного контроля за соблюдением установленных законодательством Российской Федерации требований промышленной безопасности к эксплуатации опасного производственного объекта";"3.1.ZZM.0021.2012| 3.1.ZZM.0022.2012| 3.1.ZZM.0023.2012| 3.1.ZZM.0327.2015";"";"";""
"1";"63821-16";"";"";"TMT142R-B1Y41N34X0";"1";"NC03F014360";"";"2019-01-17";"2021-01-17";"Нет данных";"МП 63821-16";"Пригодно";"паспорт";"";"";"Осуществление производственного контроля за соблюдением установленных законодательством Российской Федерации требований промышленной безопасности к эксплуатации опасного производственного объекта";"3.1.ZZM.0021.2012| 3.1.ZZM.0022.2012| 3.1.ZZM.0023.2012| 3.1.ZZM.0327.2015";"";"";""
"1";"63821-16";"";"";"TMT142R-B1Y41N34X0";"1";"NC03F114360";"";"2019-01-17";"2021-01-17";"Нет данных";"МП 63821-16";"Пригодно";"паспорт";"";"";"Осуществление производственного контроля за соблюдением установленных законодательством Российской Федерации требований промышленной безопасности к эксплуатации опасного производственного объекта";"3.1.ZZM.0021.2012| 3.1.ZZM.0022.2012| 3.1.ZZM.0023.2012| 3.1.ZZM.0327.2015";"";"";""
"1";"63821-16";"";"";"TMT142R-B1Y41N34X0";"1";"NC03F214360";"";"2019-01-17";"2021-01-17";"Нет данных";"МП 63821-16";"Пригодно";"паспорт";"";"";"Осуществление производственного контроля за соблюдением установленных законодательством Российской Федерации требований промышленной безопасности к эксплуатации опасного производственного объекта";"3.1.ZZM.0021.2012| 3.1.ZZM.0022.2012| 3.1.ZZM.0023.2012| 3.1.ZZM.0327.2015";"";"";""
"1";"68002-17";"";"";"TR88-GZ1Y1X1C30A0";"1";"NC047B14158";"";"2019-01-17";"2021-01-17";"Нет данных";"МП 207.1-023-2017";"Пригодно";"паспорт";"";"";"Осуществление производственного контроля за соблюдением установленных законодательством Российской Федерации требований промышленной безопасности к эксплуатации опасного производственного объекта";"3.1.ZZM.0021.2012| 3.1.ZZM.0022.2012| 3.1.ZZM.0023.2012| 3.1.ZZM.0327.2015";"";"";""
"1";"68002-17";"";"";"TR88-GZ1Y1X1C30A0";"1";"NC047C14158";"";"2019-01-17";"2021-01-17";"Нет данных";"МП 207.1-023-2017";"Пригодно";"паспорт";"";"";"Осуществление производственного контроля за соблюдением установленных законодательством Российской Федерации требований промышленной безопасности к эксплуатации опасного производственного объекта";"3.1.ZZM.0021.2012| 3.1.ZZM.0022.2012| 3.1.ZZM.0023.2012| 3.1.ZZM.0327.2015";"";"";""
"1";"68002-17";"";"";"TR88-GZ1Y1X1C30A0";"1";"NC047D14158";"";"2019-01-17";"2021-01-17";"Нет данных";"МП 207.1-023-2017";"Пригодно";"паспорт";"";"";"Осуществление производственного контроля за соблюдением установленных законодательством Российской Федерации требований промышленной безопасности к эксплуатации опасного производственного объекта";"3.1.ZZM.0021.2012| 3.1.ZZM.0022.2012| 3.1.ZZM.0023.2012| 3.1.ZZM.0327.2015";"";"";""
"1";"68002-17";"";"";"TR88-GZ1Y1X1C30A0";"1";"NC047E14158";"";"2019-01-17";"2021-01-17";"Нет данных";"МП 207.1-023-2017";"Пригодно";"паспорт";"";"";"Осуществление производственного контроля за соблюдением установленных законодательством Российской Федерации требований промышленной безопасности к эксплуатации опасного производственного объекта";"3.1.ZZM.0021.2012| 3.1.ZZM.0022.2012| 3.1.ZZM.0023.2012| 3.1.ZZM.0327.2015";"";"";""
"1";"68002-17";"";"";"TR88-GZ1Y1X1C30A0";"1";"NC047F14158";"";"2019-01-17";"2021-01-17";"Нет данных";"МП 207.1-023-2017";"Пригодно";"паспорт";"";"";"Осуществление производственного контроля за соблюдением установленных законодательством Российской Федерации требований промышленной безопасности к эксплуатации опасного производственного объекта";"3.1.ZZM.0021.2012| 3.1.ZZM.0022.2012| 3.1.ZZM.0023.2012| 3.1.ZZM.0327.2015";"";"";""
"1";"68002-17";"";"";"TR61-VDED1BHSDHGY";"1";"NC044114308";"";"2019-01-17";"2021-01-17";"Нет данных";"МП 207.1-023-2017";"Пригодно";"паспорт";"";"";"Осуществление производственного контроля за соблюдением установленных законодательством Российской Федерации требований промышленной безопасности к эксплуатации опасного производственного объекта";"3.1.ZZM.0021.2012| 3.1.ZZM.0022.2012| 3.1.ZZM.0023.2012| 3.1.ZZM.0327.2015";"";"";""
"1";"68002-17";"";"";"TR10-UAD3BHSXHC000";"1";"NC0A3314152";"";"2019-01-17";"2021-01-17";"Нет данных";"МП 207.1-023-2017";"Пригодно";"паспорт";"";"";"Осуществление производственного контроля за соблюдением установленных законодательством Российской Федерации требований промышленной безопасности к эксплуатации опасного производственного объекта";"3.1.ZZM.0021.2012| 3.1.ZZM.0022.2012| 3.1.ZZM.0023.2012| 3.1.ZZM.0327.2015";"";"";""
"1";"68002-17";"";"";"TR10-UAD3BHSXHC000";"1";"NC0A3414152";"";"2019-01-17";"2021-01-17";"Нет данных";"МП 207.1-023-2017";"Пригодно";"паспорт";"";"";"Осуществление производственного контроля за соблюдением установленных законодательством Российской Федерации требований промышленной безопасности к эксплуатации опасного производственного объекта";"3.1.ZZM.0021.2012| 3.1.ZZM.0022.2012| 3.1.ZZM.0023.2012| 3.1.ZZM.0327.2015";"";"";""
"1";"68002-17";"";"";"TR10-ABA1CAR143000";"1";"NC0A3514152";"";"2019-01-17";"2021-01-17";"Нет данных";"МП 207.1-023-2017";"Пригодно";"паспорт";"";"";"Осуществление производственного контроля за соблюдением установленных законодательством Российской Федерации требований промышленной безопасности к эксплуатации опасного производственного объекта";"3.1.ZZM.0021.2012| 3.1.ZZM.0022.2012| 3.1.ZZM.0023.2012| 3.1.ZZM.0327.2015";"";"";""
"1";"68002-17";"";"";"TPR100-UAC2FC000";"1";"NC119C14180";"";"2019-01-17";"2021-01-17";"Нет данных";"МП 207.1-023-2017";"Пригодно";"паспорт";"";"";"Осуществление производственного контроля за соблюдением установленных законодательством Российской Федерации требований промышленной безопасности к эксплуатации опасного производственного объекта";"3.1.ZZM.0021.2012| 3.1.ZZM.0022.2012| 3.1.ZZM.0023.2012| 3.1.ZZM.0327.2015";"";"";""
"1";"68003-17";"";"";"TSC310-APAG212A";"1";"NC04191433D";"";"2019-01-17";"2021-01-17";"Нет данных";"МП 207.1-024-2017";"Пригодно";"паспорт";"";"";"Осуществление производственного контроля за соблюдением установленных законодательством Российской Федерации требований промышленной безопасности к эксплуатации опасного производственного объекта";"3.1.ZZM.0021.2012| 3.1.ZZM.0022.2012| 3.1.ZZM.0023.2012| 3.1.ZZM.0327.2015";"";"";""
"1";"68003-17";"";"";"TSC310-APAG212A";"1";"NC041A1433D";"";"2019-01-17";"2021-01-17";"Нет данных";"МП 207.1-024-2017";"Пригодно";"паспорт";"";"";"Осуществление производственного контроля за соблюдением установленных законодательством Российской Федерации требований промышленной безопасности к эксплуатации опасного производственного объекта";"3.1.ZZM.0021.2012| 3.1.ZZM.0022.2012| 3.1.ZZM.0023.2012| 3.1.ZZM.0327.2015";"";"";""
"1";"68003-17";"";"";"TSC310-APAG212A";"1";"NC041B1433D";"";"2019-01-17";"2021-01-17";"Нет данных";"МП 207.1-024-2017";"Пригодно";"паспорт";"";"";"Осуществление производственного контроля за соблюдением установленных законодательством Российской Федерации требований промышленной безопасности к эксплуатации опасного производственного объекта";"3.1.ZZM.0021.2012| 3.1.ZZM.0022.2012| 3.1.ZZM.0023.2012| 3.1.ZZM.0327.2015";"";"";""
"1";"68003-17";"";"";"TSC310-APAG212A";"1";"NC041C1433D";"";"2019-01-17";"2021-01-17";"Нет данных";"МП 207.1-024-2017";"Пригодно";"паспорт";"";"";"Осуществление производственного контроля за соблюдением установленных законодательством Российской Федерации требований промышленной безопасности к эксплуатации опасного производственного объекта";"3.1.ZZM.0021.2012| 3.1.ZZM.0022.2012| 3.1.ZZM.0023.2012| 3.1.ZZM.0327.2015";"";"";""
"1";"55540-13";"";"";"TM401-F073/101";"1";"NC0469143C2";"";"2019-01-17";"2021-01-17";"Нет данных";"МП 55540-13";"Пригодно";"паспорт";"";"";"Осуществление производственного контроля за соблюдением установленных законодательством Российской Федерации требований промышленной безопасности к эксплуатации опасного производственного объекта";"3.1.ZZM.0021.2012| 3.1.ZZM.0022.2012| 3.1.ZZM.0023.2012| 3.1.ZZM.0327.2015";"";"";""
"1";"57947-14";"";"";"TMT82-PUD5/101";"1";"P1045B0426C";"";"2019-01-17";"2024-01-17";"Нет данных";"МП 57947-14";"Пригодно";"паспорт";"";"";"Осуществление производственного контроля за соблюдением установленных законодательством Российской Федерации требований промышленной безопасности к эксплуатации опасного производственного объекта";"3.1.ZZM.0021.2012| 3.1.ZZM.0022.2012| 3.1.ZZM.0023.2012| 3.1.ZZM.0327.2015";"";"";""
"1";"57947-14";"";"";"TMT82-PUD5/101";"1";"P1045C0426C";"";"2019-01-17";"2024-01-17";"Нет данных";"МП 57947-14";"Пригодно";"паспорт";"";"";"Осуществление производственного контроля за соблюдением установленных законодательством Российской Федерации требований промышленной безопасности к эксплуатации опасного производственного объекта";"3.1.ZZM.0021.2012| 3.1.ZZM.0022.2012| 3.1.ZZM.0023.2012| 3.1.ZZM.0327.2015";"";"";""
"1";"55540-13";"";"";"TM401-FP33/115";"1";"P103E9143C2";"";"2019-01-17";"2021-01-17";"Нет данных";"МП 55540-13";"Пригодно";"паспорт";"";"";"Осуществление производственного контроля за соблюдением установленных законодательством Российской Федерации требований промышленной безопасности к эксплуатации опасного производственного объекта";"3.1.ZZM.0021.2012| 3.1.ZZM.0022.2012| 3.1.ZZM.0023.2012| 3.1.ZZM.0327.2015";"";"";""
"1";"57947-14";"";"";"TMT182-UAAAB";"1";"P1040504125";"";"2019-01-17";"2024-01-17";"Нет данных";"МП 57947-14";"Пригодно";"паспорт";"";"";"Осуществление производственного контроля за соблюдением установленных законодательством Российской Федерации требований промышленной безопасности к эксплуатации опасного производственного объекта";"3.1.ZZM.0021.2012| 3.1.ZZM.0022.2012| 3.1.ZZM.0023.2012| 3.1.ZZM.0327.2015";"";"";""
"1";"57947-14";"";"";"TMT182-UAAAB";"1";"P1040604125";"";"2019-01-17";"2024-01-17";"Нет данных";"МП 57947-14";"Пригодно";"паспорт";"";"";"Осуществление производственного контроля за соблюдением установленных законодательством Российской Федерации требований промышленной безопасности к эксплуатации опасного производственного объекта";"3.1.ZZM.0021.2012| 3.1.ZZM.0022.2012| 3.1.ZZM.0023.2012| 3.1.ZZM.0327.2015";"";"";""
"1";"57947-14";"";"";"TMT182-UAAAB";"1";"P1040704125";"";"2019-01-17";"2024-01-17";"Нет данных";"МП 57947-14";"Пригодно";"паспорт";"";"";"Осуществление производственного контроля за соблюдением установленных законодательством Российской Федерации требований промышленной безопасности к эксплуатации опасного производственного объекта";"3.1.ZZM.0021.2012| 3.1.ZZM.0022.2012| 3.1.ZZM.0023.2012| 3.1.ZZM.0327.2015";"";"";""
"1";"57947-14";"";"";"TMT182-UAAAB";"1";"P1040804125";"";"2019-01-17";"2024-01-17";"Нет данных";"МП 57947-14";"Пригодно";"паспорт";"";"";"Осуществление производственного контроля за соблюдением установленных законодательством Российской Федерации требований промышленной безопасности к эксплуатации опасного производственного объекта";"3.1.ZZM.0021.2012| 3.1.ZZM.0022.2012| 3.1.ZZM.0023.2012| 3.1.ZZM.0327.2015";"";"";""
"1";"57947-14";"";"";"TMT182-UAAAB";"1";"P1040904125";"";"2019-01-17";"2024-01-17";"Нет данных";"МП 57947-14";"Пригодно";"паспорт";"";"";"Осуществление производственного контроля за соблюдением установленных законодательством Российской Федерации требований промышленной безопасности к эксплуатации опасного производственного объекта";"3.1.ZZM.0021.2012| 3.1.ZZM.0022.2012| 3.1.ZZM.0023.2012| 3.1.ZZM.0327.2015";"";"";""
"1";"55540-13";"";"";"TM411-3CXA6/0";"1";"NC062414457";"";"2019-01-17";"2021-01-17";"Нет данных";"МП 55540-13";"Пригодно";"паспорт";"";"";"Осуществление производственного контроля за соблюдением установленных законодательством Российской Федерации требований промышленной безопасности к эксплуатации опасного производственного объекта";"3.1.ZZM.0021.2012| 3.1.ZZM.0022.2012| 3.1.ZZM.0023.2012| 3.1.ZZM.0327.2015";"";"";""
"1";"55540-13";"";"";"TM411-3CXA6/0";"1";"NC062514457";"";"2019-01-17";"2021-01-17";"Нет данных";"МП 55540-13";"Пригодно";"паспорт";"";"";"Осуществление производственного контроля за соблюдением установленных законодательством Российской Федерации требований промышленной безопасности к эксплуатации опасного производственного объекта";"3.1.ZZM.0021.2012| 3.1.ZZM.0022.2012| 3.1.ZZM.0023.2012| 3.1.ZZM.0327.2015";"";"";""
"1";"55540-13";"";"";"TM411-3CXA6/0";"1";"NC076914457";"";"2019-01-17";"2021-01-17";"Нет данных";"МП 55540-13";"Пригодно";"паспорт";"";"";"Осуществление производственного контроля за соблюдением установленных законодательством Российской Федерации требований промышленной безопасности к эксплуатации опасного производственного объекта";"3.1.ZZM.0021.2012| 3.1.ZZM.0022.2012| 3.1.ZZM.0023.2012| 3.1.ZZM.0327.2015";"";"";""
"1";"68002-17";"";"";"TR61-WEFB1EAMXMBH";"1";"NC04A914308";"";"2019-01-17";"2021-01-17";"Нет данных";"МП 207.1-023-2017";"Пригодно";"паспорт";"";"";"Осуществление производственного контроля за соблюдением установленных законодательством Российской Федерации требований промышленной безопасности к эксплуатации опасного производственного объекта";"3.1.ZZM.0021.2012| 3.1.ZZM.0022.2012| 3.1.ZZM.0023.2012| 3.1.ZZM.0327.2015";"";"";""
"1";"68002-17";"";"";"TR10-ABA3CASF3T000";"1";"P1051814152";"";"2019-01-23";"2021-01-23";"Нет данных";"МП 207.1-023-2017";"Пригодно";"паспорт";"";"";"Осуществление производственного контроля за соблюдением установленных законодательством Российской Федерации требований промышленной безопасности к эксплуатации опасного производственного объекта";"3.1.ZZM.0021.2012| 3.1.ZZM.0022.2012| 3.1.ZZM.0023.2012| 3.1.ZZM.0327.2015";"";"";""
"1";"68002-17";"";"";"TR10-ABA3CASF3T000";"1";"P1051914152";"";"2019-01-23";"2021-01-23";"Нет данных";"МП 207.1-023-2017";"Пригодно";"паспорт";"";"";"Осуществление производственного контроля за соблюдением установленных законодательством Российской Федерации требований промышленной безопасности к эксплуатации опасного производственного объекта";"3.1.ZZM.0021.2012| 3.1.ZZM.0022.2012| 3.1.ZZM.0023.2012| 3.1.ZZM.0327.2015";"";"";""
"1";"68002-17";"";"";"TR88-UJ1C1X2MS0A4";"1";"P1043614158";"";"2019-01-25";"2021-01-25";"Нет данных";"МП 207.1-023-2017";"Пригодно";"паспорт";"";"";"Осуществление производственного контроля за соблюдением установленных законодательством Российской Федерации требований промышленной безопасности к эксплуатации опасного производственного объекта";"3.1.ZZM.0021.2012| 3.1.ZZM.0022.2012| 3.1.ZZM.0023.2012| 3.1.ZZM.0327.2015";"";"";""
"1";"55540-13";"";"";"TMR35-U1XBDBAX1AAA";"1";"P1074E0435C";"";"2019-01-25";"2021-01-25";"Нет данных";"МП 55540-13";"Пригодно";"паспорт";"";"";"Осуществление производственного контроля за соблюдением установленных законодательством Российской Федерации требований промышленной безопасности к эксплуатации опасного производственного объекта";"3.1.ZZM.0021.2012| 3.1.ZZM.0022.2012| 3.1.ZZM.0023.2012| 3.1.ZZM.0327.2015";"";"";""
"1";"55540-13";"";"";"TMR35-U1XBDBAX1AAA";"1";"P1074F0435C";"";"2019-01-24";"2021-01-25";"Нет данных";"МП 55540-13";"Пригодно";"паспорт";"";"";"Осуществление производственного контроля за соблюдением установленных законодательством Российской Федерации требований промышленной безопасности к эксплуатации опасного производственного объекта";"3.1.ZZM.0021.2012| 3.1.ZZM.0022.2012| 3.1.ZZM.0023.2012| 3.1.ZZM.0327.2015";"";"";""
"1";"55540-13";"";"";"TMR35-U1XBDBAX1AAA";"1";"P107500435C";"";"2019-01-24";"2021-01-25";"Нет данных";"МП 55540-13";"Пригодно";"паспорт";"";"";"Осуществление производственного контроля за соблюдением установленных законодательством Российской Федерации требований промышленной безопасности к эксплуатации опасного производственного объекта";"3.1.ZZM.0021.2012| 3.1.ZZM.0022.2012| 3.1.ZZM.0023.2012| 3.1.ZZM.0327.2015";"";"";""
"1";"55540-13";"";"";"TMR35-U1XBDBAX1AAA";"1";"P107510435C";"";"2019-01-24";"2021-01-25";"Нет данных";"МП 55540-13";"Пригодно";"паспорт";"";"";"Осуществление производственного контроля за соблюдением установленных законодательством Российской Федерации требований промышленной безопасности к эксплуатации опасного производственного объекта";"3.1.ZZM.0021.2012| 3.1.ZZM.0022.2012| 3.1.ZZM.0023.2012| 3.1.ZZM.0327.2015";"";"";""
"1";"55540-13";"";"";"TMR35-U1XBDBAX1AAA";"1";"P107520435C";"";"2019-01-24";"2021-01-25";"Нет данных";"МП 55540-13";"Пригодно";"паспорт";"";"";"Осуществление производственного контроля за соблюдением установленных законодательством Российской Федерации требований промышленной безопасности к эксплуатации опасного производственного объекта";"3.1.ZZM.0021.2012| 3.1.ZZM.0022.2012| 3.1.ZZM.0023.2012| 3.1.ZZM.0327.2015";"";"";""
"1";"55540-13";"";"";"TMR35-U1XBDBAX1AAA";"1";"P107530435C";"";"2019-01-24";"2021-01-25";"Нет данных";"МП 55540-13";"Пригодно";"паспорт";"";"";"Осуществление производственного контроля за соблюдением установленных законодательством Российской Федерации требований промышленной безопасности к эксплуатации опасного производственного объекта";"3.1.ZZM.0021.2012| 3.1.ZZM.0022.2012| 3.1.ZZM.0023.2012| 3.1.ZZM.0327.2015";"";"";""
"1";"55540-13";"";"";"TMR35-U1XBDBAX1AAA";"1";"P107540435C";"";"2019-01-24";"2021-01-25";"Нет данных";"МП 55540-13";"Пригодно";"паспорт";"";"";"Осуществление производственного контроля за соблюдением установленных законодательством Российской Федерации требований промышленной безопасности к эксплуатации опасного производственного объекта";"3.1.ZZM.0021.2012| 3.1.ZZM.0022.2012| 3.1.ZZM.0023.2012| 3.1.ZZM.0327.2015";"";"";""
"1";"55540-13";"";"";"TMR35-U1XBDBAX1AAA";"1";"P107550435C";"";"2019-01-24";"2021-01-25";"Нет данных";"МП 55540-13";"Пригодно";"паспорт";"";"";"Осуществление производственного контроля за соблюдением установленных законодательством Российской Федерации требований промышленной безопасности к эксплуатации опасного производственного объекта";"3.1.ZZM.0021.2012| 3.1.ZZM.0022.2012| 3.1.ZZM.0023.2012| 3.1.ZZM.0327.2015";"";"";""
"1";"55540-13";"";"";"TMR35-U1XBDBAX1AAA";"1";"P107560435C";"";"2019-01-24";"2021-01-25";"Нет данных";"МП 55540-13";"Пригодно";"паспорт";"";"";"Осуществление производственного контроля за соблюдением установленных законодательством Российской Федерации требований промышленной безопасности к эксплуатации опасного производственного объекта";"3.1.ZZM.0021.2012| 3.1.ZZM.0022.2012| 3.1.ZZM.0023.2012| 3.1.ZZM.0327.2015";"";"";""
"1";"55540-13";"";"";"TMR35-U1XBDBAX1AAA";"1";"P107570435C";"";"2019-01-24";"2021-01-25";"Нет данных";"МП 55540-13";"Пригодно";"паспорт";"";"";"Осуществление производственного контроля за соблюдением установленных законодательством Российской Федерации требований промышленной безопасности к эксплуатации опасного производственного объекта";"3.1.ZZM.0021.2012| 3.1.ZZM.0022.2012| 3.1.ZZM.0023.2012| 3.1.ZZM.0327.2015";"";"";""
"1";"55540-13";"";"";"TMR35-U1XBDBAX1AAA";"1";"P107580435C";"";"2019-01-24";"2021-01-25";"Нет данных";"МП 55540-13";"Пригодно";"паспорт";"";"";"Осуществление производственного контроля за соблюдением установленных законодательством Российской Федерации требований промышленной безопасности к эксплуатации опасного производственного объекта";"3.1.ZZM.0021.2012| 3.1.ZZM.0022.2012| 3.1.ZZM.0023.2012| 3.1.ZZM.0327.2015";"";"";""
"1";"55540-13";"";"";"TMR35-U1XBDBAX1AAA";"1";"P107590435C";"";"2019-01-24";"2021-01-25";"Нет данных";"МП 55540-13";"Пригодно";"паспорт";"";"";"Осуществление производственного контроля за соблюдением установленных законодательством Российской Федерации требований промышленной безопасности к эксплуатации опасного производственного объекта";"3.1.ZZM.0021.2012| 3.1.ZZM.0022.2012| 3.1.ZZM.0023.2012| 3.1.ZZM.0327.2015";"";"";""
"1";"55540-13";"";"";"TMR35-U1XBDBAX1AAA";"1";"P1075A0435C";"";"2019-01-24";"2021-01-25";"Нет данных";"МП 55540-13";"Пригодно";"паспорт";"";"";"Осуществление производственного контроля за соблюдением установленных законодательством Российской Федерации требований промышленной безопасности к эксплуатации опасного производственного объекта";"3.1.ZZM.0021.2012| 3.1.ZZM.0022.2012| 3.1.ZZM.0023.2012| 3.1.ZZM.0327.2015";"";"";""
"1";"55540-13";"";"";"TMR35-U1XBDBAX1AAA";"1";"P1075B0435C";"";"2019-01-24";"2021-01-25";"Нет данных";"МП 55540-13";"Пригодно";"паспорт";"";"";"Осуществление производственного контроля за соблюдением установленных законодательством Российской Федерации требований промышленной безопасности к эксплуатации опасного производственного объекта";"3.1.ZZM.0021.2012| 3.1.ZZM.0022.2012| 3.1.ZZM.0023.2012| 3.1.ZZM.0327.2015";"";"";""
"1";"55540-13";"";"";"TMR35-U1XBDBAX1AAA";"1";"P1075C0435C";"";"2019-01-24";"2021-01-25";"Нет данных";"МП 55540-13";"Пригодно";"паспорт";"";"";"Осуществление производственного контроля за соблюдением установленных законодательством Российской Федерации требований промышленной безопасности к эксплуатации опасного производственного объекта";"3.1.ZZM.0021.2012| 3.1.ZZM.0022.2012| 3.1.ZZM.0023.2012| 3.1.ZZM.0327.2015";"";"";""
"1";"55540-13";"";"";"TMR35-U1XBDBAX1AAA";"1";"P1075D0435C";"";"2019-01-24";"2021-01-25";"Нет данных";"МП 55540-13";"Пригодно";"паспорт";"";"";"Осуществление производственного контроля за соблюдением установленных законодательством Российской Федерации требований промышленной безопасности к эксплуатации опасного производственного объекта";"3.1.ZZM.0021.2012| 3.1.ZZM.0022.2012| 3.1.ZZM.0023.2012| 3.1.ZZM.0327.2015";"";"";""
"1";"55540-13";"";"";"TMR35-U1XBDBAX1AAA";"1";"P1075E0435C";"";"2019-01-24";"2021-01-25";"Нет данных";"МП 55540-13";"Пригодно";"паспорт";"";"";"Осуществление производственного контроля за соблюдением установленных законодательством Российской Федерации требований промышленной безопасности к эксплуатации опасного производственного объекта";"3.1.ZZM.0021.2012| 3.1.ZZM.0022.2012| 3.1.ZZM.0023.2012| 3.1.ZZM.0327.2015";"";"";""
"1";"55540-13";"";"";"TMR35-U1XBDBAX1AAA";"1";"P1075F0435C";"";"2019-01-24";"2021-01-25";"Нет данных";"МП 55540-13";"Пригодно";"паспорт";"";"";"Осуществление производственного контроля за соблюдением установленных законодательством Российской Федерации требований промышленной безопасности к эксплуатации опасного производственного объекта";"3.1.ZZM.0021.2012| 3.1.ZZM.0022.2012| 3.1.ZZM.0023.2012| 3.1.ZZM.0327.2015";"";"";""
"1";"68002-17";"";"";"TR10-ABA1CAS42A000";"1";"P105F814152";"";"2019-01-24";"2021-01-25";"Нет данных";"МП 207.1-023-2017";"Пригодно";"паспорт";"";"";"Осуществление производственного контроля за соблюдением установленных законодательством Российской Федерации требований промышленной безопасности к эксплуатации опасного производственного объекта";"3.1.ZZM.0021.2012| 3.1.ZZM.0022.2012| 3.1.ZZM.0023.2012| 3.1.ZZM.0327.2015";"";"";""
"1";"55540-13";"";"";"TMR35-U1BADBAA1AAA";"1";"P107C60435C";"";"2019-01-24";"2021-01-25";"Нет данных";"МП 55540-13";"Пригодно";"паспорт";"";"";"Осуществление производственного контроля за соблюдением установленных законодательством Российской Федерации требований промышленной безопасности к эксплуатации опасного производственного объекта";"3.1.ZZM.0021.2012| 3.1.ZZM.0022.2012| 3.1.ZZM.0023.2012| 3.1.ZZM.0327.2015";"";"";""
"1";"55540-13";"";"";"TMR35-U1BADBAA1AAA";"1";"P107C70435C";"";"2019-01-24";"2021-01-25";"Нет данных";"МП 55540-13";"Пригодно";"паспорт";"";"";"Осуществление производственного контроля за соблюдением установленных законодательством Российской Федерации требований промышленной безопасности к эксплуатации опасного производственного объекта";"3.1.ZZM.0021.2012| 3.1.ZZM.0022.2012| 3.1.ZZM.0023.2012| 3.1.ZZM.0327.2015";"";"";""
"1";"55540-13";"";"";"TMR35-U1BADBAA1AAA";"1";"P107C80435C";"";"2019-01-24";"2021-01-25";"Нет данных";"МП 55540-13";"Пригодно";"паспорт";"";"";"Осуществление производственного контроля за соблюдением установленных законодательством Российской Федерации требований промышленной безопасности к эксплуатации опасного производственного объекта";"3.1.ZZM.0021.2012| 3.1.ZZM.0022.2012| 3.1.ZZM.0023.2012| 3.1.ZZM.0327.2015";"";"";""
"1";"55540-13";"";"";"TMR35-U1BADBAA1AAA";"1";"P107C90435C";"";"2019-01-24";"2021-01-25";"Нет данных";"МП 55540-13";"Пригодно";"паспорт";"";"";"Осуществление производственного контроля за соблюдением установленных законодательством Российской Федерации требований промышленной безопасности к эксплуатации опасного производственного объекта";"3.1.ZZM.0021.2012| 3.1.ZZM.0022.2012| 3.1.ZZM.0023.2012| 3.1.ZZM.0327.2015";"";"";""
"1";"55540-13";"";"";"TMR35-U1BADBAA1AAA";"1";"P107CA0435C";"";"2019-01-24";"2021-01-25";"Нет данных";"МП 55540-13";"Пригодно";"паспорт";"";"";"Осуществление производственного контроля за соблюдением установленных законодательством Российской Федерации требований промышленной безопасности к эксплуатации опасного производственного объекта";"3.1.ZZM.0021.2012| 3.1.ZZM.0022.2012| 3.1.ZZM.0023.2012| 3.1.ZZM.0327.2015";"";"";""
"1";"68002-17";"";"";"TST310-B2A2A3G4D1G";"1";"P104B014175";"";"2019-01-24";"2021-01-24";"Нет данных";"МП 207.1-023-2017";"Пригодно";"паспорт";"";"";"Осуществление производственного контроля за соблюдением установленных законодательством Российской Федерации требований промышленной безопасности к эксплуатации опасного производственного объекта";"3.1.ZZM.0021.2012| 3.1.ZZM.0022.2012| 3.1.ZZM.0023.2012| 3.1.ZZM.0327.2015";"";"";""
"1";"68002-17";"";"";"TR10-VBA1CDSXHB10G";"1";"NC09C614152";"";"2019-01-24";"2021-01-24";"Нет данных";"МП 207.1-023-2017";"Пригодно";"паспорт";"";"";"Осуществление производственного контроля за соблюдением установленных законодательством Российской Федерации требований промышленной безопасности к эксплуатации опасного производственного объекта";"3.1.ZZM.0021.2012| 3.1.ZZM.0022.2012| 3.1.ZZM.0023.2012| 3.1.ZZM.0327.2015";"";"";""
"1";"68002-17";"";"";"TR10-VBA1CDSXHB10G";"1";"NC0A0D14152";"";"2019-01-24";"2021-01-24";"Нет данных";"МП 207.1-023-2017";"Пригодно";"паспорт";"";"";"Осуществление производственного контроля за соблюдением установленных законодательством Российской Федерации требований промышленной безопасности к эксплуатации опасного производственного объекта";"3.1.ZZM.0021.2012| 3.1.ZZM.0022.2012| 3.1.ZZM.0023.2012| 3.1.ZZM.0327.2015";"";"";""
"1";"68002-17";"";"";"TST310-B8A1A3Y8Y1A";"1";"NC052814175";"";"2019-01-24";"2021-01-24";"Нет данных";"МП 207.1-023-2017";"Пригодно";"паспорт";"";"";"Осуществление производственного контроля за соблюдением установленных законодательством Российской Федерации требований промышленной безопасности к эксплуатации опасного производственного объекта";"3.1.ZZM.0021.2012| 3.1.ZZM.0022.2012| 3.1.ZZM.0023.2012| 3.1.ZZM.0327.2015";"";"";""
"1";"68002-17";"";"";"TST310-B8A1A3Y8Y1A";"1";"NC052914175";"";"2019-01-24";"2021-01-24";"Нет данных";"МП 207.1-023-2017";"Пригодно";"паспорт";"";"";"Осуществление производственного контроля за соблюдением установленных законодательством Российской Федерации требований промышленной безопасности к эксплуатации опасного производственного объекта";"3.1.ZZM.0021.2012| 3.1.ZZM.0022.2012| 3.1.ZZM.0023.2012| 3.1.ZZM.0327.2015";"";"";""
"1";"68002-17";"";"";"TST310-B8A1A3Y8Y1A";"1";"NC052A14175";"";"2019-01-24";"2021-01-24";"Нет данных";"МП 207.1-023-2017";"Пригодно";"паспорт";"";"";"Осуществление производственного контроля за соблюдением установленных законодательством Российской Федерации требований промышленной безопасности к эксплуатации опасного производственного объекта";"3.1.ZZM.0021.2012| 3.1.ZZM.0022.2012| 3.1.ZZM.0023.2012| 3.1.ZZM.0327.2015";"";"";""
"1";"68002-17";"";"";"TST310-B8A1A3Y8Y1A";"1";"NC052B14175";"";"2019-01-24";"2021-01-24";"Нет данных";"МП 207.1-023-2017";"Пригодно";"паспорт";"";"";"Осуществление производственного контроля за соблюдением установленных законодательством Российской Федерации требований промышленной безопасности к эксплуатации опасного производственного объекта";"3.1.ZZM.0021.2012| 3.1.ZZM.0022.2012| 3.1.ZZM.0023.2012| 3.1.ZZM.0327.2015";"";"";""
"1";"68002-17";"";"";"TST310-B8A1A3Y8Y1A";"1";"NC052C14175";"";"2019-01-24";"2021-01-24";"Нет данных";"МП 207.1-023-2017";"Пригодно";"паспорт";"";"";"Осуществление производственного контроля за соблюдением установленных законодательством Российской Федерации требований промышленной безопасности к эксплуатации опасного производственного объекта";"3.1.ZZM.0021.2012| 3.1.ZZM.0022.2012| 3.1.ZZM.0023.2012| 3.1.ZZM.0327.2015";"";"";""
"1";"68002-17";"";"";"TST310-B8A1A3Y8Y1A";"1";"NC052D14175";"";"2019-01-24";"2021-01-24";"Нет данных";"МП 207.1-023-2017";"Пригодно";"паспорт";"";"";"Осуществление производственного контроля за соблюдением установленных законодательством Российской Федерации требований промышленной безопасности к эксплуатации опасного производственного объекта";"3.1.ZZM.0021.2012| 3.1.ZZM.0022.2012| 3.1.ZZM.0023.2012| 3.1.ZZM.0327.2015";"";"";""
"1";"68002-17";"";"";"TST310-B8A1A3Y8Y1A";"1";"NC052E14175";"";"2019-01-24";"2021-01-24";"Нет данных";"МП 207.1-023-2017";"Пригодно";"паспорт";"";"";"Осуществление производственного контроля за соблюдением установленных законодательством Российской Федерации требований промышленной безопасности к эксплуатации опасного производственного объекта";"3.1.ZZM.0021.2012| 3.1.ZZM.0022.2012| 3.1.ZZM.0023.2012| 3.1.ZZM.0327.2015";"";"";""
"1";"68002-17";"";"";"TST310-B8A1A3Y8Y1A";"1";"NC052F14175";"";"2019-01-24";"2021-01-24";"Нет данных";"МП 207.1-023-2017";"Пригодно";"паспорт";"";"";"Осуществление производственного контроля за соблюдением установленных законодательством Российской Федерации требований промышленной безопасности к эксплуатации опасного производственного объекта";"3.1.ZZM.0021.2012| 3.1.ZZM.0022.2012| 3.1.ZZM.0023.2012| 3.1.ZZM.0327.2015";"";"";""
"1";"68002-17";"";"";"TST310-B8A1A3Y8Y1A";"1";"NC053014175";"";"2019-01-24";"2021-01-24";"Нет данных";"МП 207.1-023-2017";"Пригодно";"паспорт";"";"";"Осуществление производственного контроля за соблюдением установленных законодательством Российской Федерации требований промышленной безопасности к эксплуатации опасного производственного объекта";"3.1.ZZM.0021.2012| 3.1.ZZM.0022.2012| 3.1.ZZM.0023.2012| 3.1.ZZM.0327.2015";"";"";""
"1";"68002-17";"";"";"TST310-B8A1A3Y8Y1A";"1";"NC053114175";"";"2019-01-24";"2021-01-24";"Нет данных";"МП 207.1-023-2017";"Пригодно";"паспорт";"";"";"Осуществление производственного контроля за соблюдением установленных законодательством Российской Федерации требований промышленной безопасности к эксплуатации опасного производственного объекта";"3.1.ZZM.0021.2012| 3.1.ZZM.0022.2012| 3.1.ZZM.0023.2012| 3.1.ZZM.0327.2015";"";"";""
"1";"68002-17";"";"";"TST310-B8A1A3Y8Y1A";"1";"NC053214175";"";"2019-01-24";"2021-01-24";"Нет данных";"МП 207.1-023-2017";"Пригодно";"паспорт";"";"";"Осуществление производственного контроля за соблюдением установленных законодательством Российской Федерации требований промышленной безопасности к эксплуатации опасного производственного объекта";"3.1.ZZM.0021.2012| 3.1.ZZM.0022.2012| 3.1.ZZM.0023.2012| 3.1.ZZM.0327.2015";"";"";""
"1";"68002-17";"";"";"TST310-B8A1A3Y8Y1A";"1";"NC053314175";"";"2019-01-24";"2021-01-24";"Нет данных";"МП 207.1-023-2017";"Пригодно";"паспорт";"";"";"Осуществление производственного контроля за соблюдением установленных законодательством Российской Федерации требований промышленной безопасности к эксплуатации опасного производственного объекта";"3.1.ZZM.0021.2012| 3.1.ZZM.0022.2012| 3.1.ZZM.0023.2012| 3.1.ZZM.0327.2015";"";"";""
"1";"68002-17";"";"";"TST310-B8A1A3Y8Y1A";"1";"NC053414175";"";"2019-01-24";"2021-01-24";"Нет данных";"МП 207.1-023-2017";"Пригодно";"паспорт";"";"";"Осуществление производственного контроля за соблюдением установленных законодательством Российской Федерации требований промышленной безопасности к эксплуатации опасного производственного объекта";"3.1.ZZM.0021.2012| 3.1.ZZM.0022.2012| 3.1.ZZM.0023.2012| 3.1.ZZM.0327.2015";"";"";""
"1";"68002-17";"";"";"TST310-B8A1A3Y8Y1A";"1";"NC053514175";"";"2019-01-24";"2021-01-24";"Нет данных";"МП 207.1-023-2017";"Пригодно";"паспорт";"";"";"Осуществление производственного контроля за соблюдением установленных законодательством Российской Федерации требований промышленной безопасности к эксплуатации опасного производственного объекта";"3.1.ZZM.0021.2012| 3.1.ZZM.0022.2012| 3.1.ZZM.0023.2012| 3.1.ZZM.0327.2015";"";"";""
"1";"68002-17";"";"";"TST310-B8A1A3Y8Y1A";"1";"NC053614175";"";"2019-01-24";"2021-01-24";"Нет данных";"МП 207.1-023-2017";"Пригодно";"паспорт";"";"";"Осуществление производственного контроля за соблюдением установленных законодательством Российской Федерации требований промышленной безопасности к эксплуатации опасного производственного объекта";"3.1.ZZM.0021.2012| 3.1.ZZM.0022.2012| 3.1.ZZM.0023.2012| 3.1.ZZM.0327.2015";"";"";""
"1";"68002-17";"";"";"TST310-B8A1A3Y8Y1A";"1";"NC053714175";"";"2019-01-24";"2021-01-24";"Нет данных";"МП 207.1-023-2017";"Пригодно";"паспорт";"";"";"Осуществление производственного контроля за соблюдением установленных законодательством Российской Федерации требований промышленной безопасности к эксплуатации опасного производственного объекта";"3.1.ZZM.0021.2012| 3.1.ZZM.0022.2012| 3.1.ZZM.0023.2012| 3.1.ZZM.0327.2015";"";"";""
"1";"68002-17";"";"";"TST310-B8A1A3Y8Y1A";"1";"NC053814175";"";"2019-01-24";"2021-01-24";"Нет данных";"МП 207.1-023-2017";"Пригодно";"паспорт";"";"";"Осуществление производственного контроля за соблюдением установленных законодательством Российской Федерации требований промышленной безопасности к эксплуатации опасного производственного объекта";"3.1.ZZM.0021.2012| 3.1.ZZM.0022.2012| 3.1.ZZM.0023.2012| 3.1.ZZM.0327.2015";"";"";""
"1";"68002-17";"";"";"TST310-B8A1A3Y8Y1A";"1";"NC053914175";"";"2019-01-24";"2021-01-24";"Нет данных";"МП 207.1-023-2017";"Пригодно";"паспорт";"";"";"Осуществление производственного контроля за соблюдением установленных законодательством Российской Федерации требований промышленной безопасности к эксплуатации опасного производственного объекта";"3.1.ZZM.0021.2012| 3.1.ZZM.0022.2012| 3.1.ZZM.0023.2012| 3.1.ZZM.0327.2015";"";"";""
"1";"68002-17";"";"";"TST310-B8A1A3Y8Y1A";"1";"NC053A14175";"";"2019-01-24";"2021-01-24";"Нет данных";"МП 207.1-023-2017";"Пригодно";"паспорт";"";"";"Осуществление производственного контроля за соблюдением установленных законодательством Российской Федерации требований промышленной безопасности к эксплуатации опасного производственного объекта";"3.1.ZZM.0021.2012| 3.1.ZZM.0022.2012| 3.1.ZZM.0023.2012| 3.1.ZZM.0327.2015";"";"";""
"1";"68002-17";"";"";"TST310-B8A1A3Y8Y1A";"1";"NC053B14175";"";"2019-01-24";"2021-01-24";"Нет данных";"МП 207.1-023-2017";"Пригодно";"паспорт";"";"";"Осуществление производственного контроля за соблюдением установленных законодательством Российской Федерации требований промышленной безопасности к эксплуатации опасного производственного объекта";"3.1.ZZM.0021.2012| 3.1.ZZM.0022.2012| 3.1.ZZM.0023.2012| 3.1.ZZM.0327.2015";"";"";""
"1";"68002-17";"";"";"TST310-B8A1A3Y8Y1A";"1";"NC053C14175";"";"2019-01-24";"2021-01-24";"Нет данных";"МП 207.1-023-2017";"Пригодно";"паспорт";"";"";"Осуществление производственного контроля за соблюдением установленных законодательством Российской Федерации требований промышленной безопасности к эксплуатации опасного производственного объекта";"3.1.ZZM.0021.2012| 3.1.ZZM.0022.2012| 3.1.ZZM.0023.2012| 3.1.ZZM.0327.2015";"";"";""
"1";"68002-17";"";"";"TST310-B8A1A3Y8Y1A";"1";"NC053D14175";"";"2019-01-24";"2021-01-24";"Нет данных";"МП 207.1-023-2017";"Пригодно";"паспорт";"";"";"Осуществление производственного контроля за соблюдением установленных законодательством Российской Федерации требований промышленной безопасности к эксплуатации опасного производственного объекта";"3.1.ZZM.0021.2012| 3.1.ZZM.0022.2012| 3.1.ZZM.0023.2012| 3.1.ZZM.0327.2015";"";"";""
"1";"68002-17";"";"";"TST310-B8A1A3Y8Y1A";"1";"NC053E14175";"";"2019-01-24";"2021-01-24";"Нет данных";"МП 207.1-023-2017";"Пригодно";"паспорт";"";"";"Осуществление производственного контроля за соблюдением установленных законодательством Российской Федерации требований промышленной безопасности к эксплуатации опасного производственного объекта";"3.1.ZZM.0021.2012| 3.1.ZZM.0022.2012| 3.1.ZZM.0023.2012| 3.1.ZZM.0327.2015";"";"";""
"1";"68002-17";"";"";"TST310-B8A1A3Y8Y1A";"1";"NC053F14175";"";"2019-01-24";"2021-01-24";"Нет данных";"МП 207.1-023-2017";"Пригодно";"паспорт";"";"";"Осуществление производственного контроля за соблюдением установленных законодательством Российской Федерации требований промышленной безопасности к эксплуатации опасного производственного объекта";"3.1.ZZM.0021.2012| 3.1.ZZM.0022.2012| 3.1.ZZM.0023.2012| 3.1.ZZM.0327.2015";"";"";""
"1";"68002-17";"";"";"TST310-B8A1A3Y8Y1A";"1";"NC054014175";"";"2019-01-24";"2021-01-24";"Нет данных";"МП 207.1-023-2017";"Пригодно";"паспорт";"";"";"Осуществление производственного контроля за соблюдением установленных законодательством Российской Федерации требований промышленной безопасности к эксплуатации опасного производственного объекта";"3.1.ZZM.0021.2012| 3.1.ZZM.0022.2012| 3.1.ZZM.0023.2012| 3.1.ZZM.0327.2015";"";"";""
"1";"68002-17";"";"";"TST310-B8A1A3Y8Y1A";"1";"NC054114175";"";"2019-01-24";"2021-01-24";"Нет данных";"МП 207.1-023-2017";"Пригодно";"паспорт";"";"";"Осуществление производственного контроля за соблюдением установленных законодательством Российской Федерации требований промышленной безопасности к эксплуатации опасного производственного объекта";"3.1.ZZM.0021.2012| 3.1.ZZM.0022.2012| 3.1.ZZM.0023.2012| 3.1.ZZM.0327.2015";"";"";""
"1";"68002-17";"";"";"TST310-B8A1A3Y8Y1A";"1";"NC054214175";"";"2019-01-24";"2021-01-24";"Нет данных";"МП 207.1-023-2017";"Пригодно";"паспорт";"";"";"Осуществление производственного контроля за соблюдением установленных законодательством Российской Федерации требований промышленной безопасности к эксплуатации опасного производственного объекта";"3.1.ZZM.0021.2012| 3.1.ZZM.0022.2012| 3.1.ZZM.0023.2012| 3.1.ZZM.0327.2015";"";"";""
"1";"68002-17";"";"";"TST310-B8A1A3Y8Y1A";"1";"NC054314175";"";"2019-01-24";"2021-01-24";"Нет данных";"МП 207.1-023-2017";"Пригодно";"паспорт";"";"";"Осуществление производственного контроля за соблюдением установленных законодательством Российской Федерации требований промышленной безопасности к эксплуатации опасного производственного объекта";"3.1.ZZM.0021.2012| 3.1.ZZM.0022.2012| 3.1.ZZM.0023.2012| 3.1.ZZM.0327.2015";"";"";""
"1";"68002-17";"";"";"TST310-B8A1A3Y8Y1A";"1";"NC054414175";"";"2019-01-24";"2021-01-24";"Нет данных";"МП 207.1-023-2017";"Пригодно";"паспорт";"";"";"Осуществление производственного контроля за соблюдением установленных законодательством Российской Федерации требований промышленной безопасности к эксплуатации опасного производственного объекта";"3.1.ZZM.0021.2012| 3.1.ZZM.0022.2012| 3.1.ZZM.0023.2012| 3.1.ZZM.0327.2015";"";"";""
"1";"68002-17";"";"";"TST310-B8A1A3Y8Y1A";"1";"NC054514175";"";"2019-01-24";"2021-01-24";"Нет данных";"МП 207.1-023-2017";"Пригодно";"паспорт";"";"";"Осуществление производственного контроля за соблюдением установленных законодательством Российской Федерации требований промышленной безопасности к эксплуатации опасного производственного объекта";"3.1.ZZM.0021.2012| 3.1.ZZM.0022.2012| 3.1.ZZM.0023.2012| 3.1.ZZM.0327.2015";"";"";""
"1";"68002-17";"";"";"TST310-B8A1A3Y8Y1A";"1";"NC054614175";"";"2019-01-24";"2021-01-24";"Нет данных";"МП 207.1-023-2017";"Пригодно";"паспорт";"";"";"Осуществление производственного контроля за соблюдением установленных законодательством Российской Федерации требований промышленной безопасности к эксплуатации опасного производственного объекта";"3.1.ZZM.0021.2012| 3.1.ZZM.0022.2012| 3.1.ZZM.0023.2012| 3.1.ZZM.0327.2015";"";"";""
"1";"68002-17";"";"";"TST310-B8A1A3Y8Y1A";"1";"NC054714175";"";"2019-01-24";"2021-01-24";"Нет данных";"МП 207.1-023-2017";"Пригодно";"паспорт";"";"";"Осуществление производственного контроля за соблюдением установленных законодательством Российской Федерации требований промышленной безопасности к эксплуатации опасного производственного объекта";"3.1.ZZM.0021.2012| 3.1.ZZM.0022.2012| 3.1.ZZM.0023.2012| 3.1.ZZM.0327.2015";"";"";""
"1";"68002-17";"";"";"TST310-B8A1A3Y8Y1A";"1";"NC054814175";"";"2019-01-24";"2021-01-24";"Нет данных";"МП 207.1-023-2017";"Пригодно";"паспорт";"";"";"Осуществление производственного контроля за соблюдением установленных законодательством Российской Федерации требований промышленной безопасности к эксплуатации опасного производственного объекта";"3.1.ZZM.0021.2012| 3.1.ZZM.0022.2012| 3.1.ZZM.0023.2012| 3.1.ZZM.0327.2015";"";"";""
"1";"68002-17";"";"";"TST310-B8A1A3Y8Y1A";"1";"NC054914175";"";"2019-01-24";"2021-01-24";"Нет данных";"МП 207.1-023-2017";"Пригодно";"паспорт";"";"";"Осуществление производственного контроля за соблюдением установленных законодательством Российской Федерации требований промышленной безопасности к эксплуатации опасного производственного объекта";"3.1.ZZM.0021.2012| 3.1.ZZM.0022.2012| 3.1.ZZM.0023.2012| 3.1.ZZM.0327.2015";"";"";""
"1";"68002-17";"";"";"TST310-B8A1A3Y8Y1A";"1";"NC054A14175";"";"2019-01-24";"2021-01-24";"Нет данных";"МП 207.1-023-2017";"Пригодно";"паспорт";"";"";"Осуществление производственного контроля за соблюдением установленных законодательством Российской Федерации требований промышленной безопасности к эксплуатации опасного производственного объекта";"3.1.ZZM.0021.2012| 3.1.ZZM.0022.2012| 3.1.ZZM.0023.2012| 3.1.ZZM.0327.2015";"";"";""
"1";"68002-17";"";"";"TST310-B8A1A3Y8Y1A";"1";"NC054B14175";"";"2019-01-24";"2021-01-24";"Нет данных";"МП 207.1-023-2017";"Пригодно";"паспорт";"";"";"Осуществление производственного контроля за соблюдением установленных законодательством Российской Федерации требований промышленной безопасности к эксплуатации опасного производственного объекта";"3.1.ZZM.0021.2012| 3.1.ZZM.0022.2012| 3.1.ZZM.0023.2012| 3.1.ZZM.0327.2015";"";"";""
"1";"68002-17";"";"";"TST310-B8A1A3Y8Y1A";"1";"NC054C14175";"";"2019-01-24";"2021-01-24";"Нет данных";"МП 207.1-023-2017";"Пригодно";"паспорт";"";"";"Осуществление производственного контроля за соблюдением установленных законодательством Российской Федерации требований промышленной безопасности к эксплуатации опасного производственного объекта";"3.1.ZZM.0021.2012| 3.1.ZZM.0022.2012| 3.1.ZZM.0023.2012| 3.1.ZZM.0327.2015";"";"";""
"1";"68002-17";"";"";"TST310-B8A1A3Y8Y1A";"1";"NC054D14175";"";"2019-01-24";"2021-01-24";"Нет данных";"МП 207.1-023-2017";"Пригодно";"паспорт";"";"";"Осуществление производственного контроля за соблюдением установленных законодательством Российской Федерации требований промышленной безопасности к эксплуатации опасного производственного объекта";"3.1.ZZM.0021.2012| 3.1.ZZM.0022.2012| 3.1.ZZM.0023.2012| 3.1.ZZM.0327.2015";"";"";""
"1";"68002-17";"";"";"TST310-B8A1A3Y8Y1A";"1";"NC054E14175";"";"2019-01-24";"2021-01-24";"Нет данных";"МП 207.1-023-2017";"Пригодно";"паспорт";"";"";"Осуществление производственного контроля за соблюдением установленных законодательством Российской Федерации требований промышленной безопасности к эксплуатации опасного производственного объекта";"3.1.ZZM.0021.2012| 3.1.ZZM.0022.2012| 3.1.ZZM.0023.2012| 3.1.ZZM.0327.2015";"";"";""
"1";"68002-17";"";"";"TST310-B8A1A3Y8Y1A";"1";"NC054F14175";"";"2019-01-24";"2021-01-24";"Нет данных";"МП 207.1-023-2017";"Пригодно";"паспорт";"";"";"Осуществление производственного контроля за соблюдением установленных законодательством Российской Федерации требований промышленной безопасности к эксплуатации опасного производственного объекта";"3.1.ZZM.0021.2012| 3.1.ZZM.0022.2012| 3.1.ZZM.0023.2012| 3.1.ZZM.0327.2015";"";"";""
"1";"68002-17";"";"";"TST310-B8A1A3Y8Y1A";"1";"NC055014175";"";"2019-01-24";"2021-01-24";"Нет данных";"МП 207.1-023-2017";"Пригодно";"паспорт";"";"";"Осуществление производственного контроля за соблюдением установленных законодательством Российской Федерации требований промышленной безопасности к эксплуатации опасного производственного объекта";"3.1.ZZM.0021.2012| 3.1.ZZM.0022.2012| 3.1.ZZM.0023.2012| 3.1.ZZM.0327.2015";"";"";""
"1";"68002-17";"";"";"TST310-B8A1A3Y8Y1A";"1";"NC055114175";"";"2019-01-24";"2021-01-24";"Нет данных";"МП 207.1-023-2017";"Пригодно";"паспорт";"";"";"Осуществление производственного контроля за соблюдением установленных законодательством Российской Федерации требований промышленной безопасности к эксплуатации опасного производственного объекта";"3.1.ZZM.0021.2012| 3.1.ZZM.0022.2012| 3.1.ZZM.0023.2012| 3.1.ZZM.0327.2015";"";"";""
"1";"68002-17";"";"";"TST310-B8A1A3Y8Y1A";"1";"NC055214175";"";"2019-01-24";"2021-01-24";"Нет данных";"МП 207.1-023-2017";"Пригодно";"паспорт";"";"";"Осуществление производственного контроля за соблюдением установленных законодательством Российской Федерации требований промышленной безопасности к эксплуатации опасного производственного объекта";"3.1.ZZM.0021.2012| 3.1.ZZM.0022.2012| 3.1.ZZM.0023.2012| 3.1.ZZM.0327.2015";"";"";""
"1";"68002-17";"";"";"TST310-B8A1A3Y8Y1A";"1";"NC055314175";"";"2019-01-24";"2021-01-24";"Нет данных";"МП 207.1-023-2017";"Пригодно";"паспорт";"";"";"Осуществление производственного контроля за соблюдением установленных законодательством Российской Федерации требований промышленной безопасности к эксплуатации опасного производственного объекта";"3.1.ZZM.0021.2012| 3.1.ZZM.0022.2012| 3.1.ZZM.0023.2012| 3.1.ZZM.0327.2015";"";"";""
"1";"68002-17";"";"";"TST310-B8A1A3Y8Y1A";"1";"NC055414175";"";"2019-01-24";"2021-01-24";"Нет данных";"МП 207.1-023-2017";"Пригодно";"паспорт";"";"";"Осуществление производственного контроля за соблюдением установленных законодательством Российской Федерации требований промышленной безопасности к эксплуатации опасного производственного объекта";"3.1.ZZM.0021.2012| 3.1.ZZM.0022.2012| 3.1.ZZM.0023.2012| 3.1.ZZM.0327.2015";"";"";""
"1";"68002-17";"";"";"TST310-B8A1A3Y8Y1A";"1";"NC055514175";"";"2019-01-24";"2021-01-24";"Нет данных";"МП 207.1-023-2017";"Пригодно";"паспорт";"";"";"Осуществление производственного контроля за соблюдением установленных законодательством Российской Федерации требований промышленной безопасности к эксплуатации опасного производственного объекта";"3.1.ZZM.0021.2012| 3.1.ZZM.0022.2012| 3.1.ZZM.0023.2012| 3.1.ZZM.0327.2015";"";"";""
"1";"68002-17";"";"";"TST310-B8A1A3Y8Y1A";"1";"NC055614175";"";"2019-01-24";"2021-01-24";"Нет данных";"МП 207.1-023-2017";"Пригодно";"паспорт";"";"";"Осуществление производственного контроля за соблюдением установленных законодательством Российской Федерации требований промышленной безопасности к эксплуатации опасного производственного объекта";"3.1.ZZM.0021.2012| 3.1.ZZM.0022.2012| 3.1.ZZM.0023.2012| 3.1.ZZM.0327.2015";"";"";""
"1";"68002-17";"";"";"TST310-B8A1A3Y8Y1A";"1";"NC055714175";"";"2019-01-24";"2021-01-24";"Нет данных";"МП 207.1-023-2017";"Пригодно";"паспорт";"";"";"Осуществление производственного контроля за соблюдением установленных законодательством Российской Федерации требований промышленной безопасности к эксплуатации опасного производственного объекта";"3.1.ZZM.0021.2012| 3.1.ZZM.0022.2012| 3.1.ZZM.0023.2012| 3.1.ZZM.0327.2015";"";"";""
"1";"68002-17";"";"";"TST310-B8A1A3Y8Y1A";"1";"NC055814175";"";"2019-01-24";"2021-01-24";"Нет данных";"МП 207.1-023-2017";"Пригодно";"паспорт";"";"";"Осуществление производственного контроля за соблюдением установленных законодательством Российской Федерации требований промышленной безопасности к эксплуатации опасного производственного объекта";"3.1.ZZM.0021.2012| 3.1.ZZM.0022.2012| 3.1.ZZM.0023.2012| 3.1.ZZM.0327.2015";"";"";""
"1";"68002-17";"";"";"TST310-B8A1A3Y8Y1A";"1";"NC055914175";"";"2019-01-24";"2021-01-24";"Нет данных";"МП 207.1-023-2017";"Пригодно";"паспорт";"";"";"Осуществление производственного контроля за соблюдением установленных законодательством Российской Федерации требований промышленной безопасности к эксплуатации опасного производственного объекта";"3.1.ZZM.0021.2012| 3.1.ZZM.0022.2012| 3.1.ZZM.0023.2012| 3.1.ZZM.0327.2015";"";"";""
"1";"68002-17";"";"";"TST310-B8A1A3Y8Y1A";"1";"NC055A14175";"";"2019-01-24";"2021-01-24";"Нет данных";"МП 207.1-023-2017";"Пригодно";"паспорт";"";"";"Осуществление производственного контроля за соблюдением установленных законодательством Российской Федерации требований промышленной безопасности к эксплуатации опасного производственного объекта";"3.1.ZZM.0021.2012| 3.1.ZZM.0022.2012| 3.1.ZZM.0023.2012| 3.1.ZZM.0327.2015";"";"";""
"1";"68002-17";"";"";"TST310-B8A1A3Y8Y1A";"1";"NC055B14175";"";"2019-01-24";"2021-01-24";"Нет данных";"МП 207.1-023-2017";"Пригодно";"паспорт";"";"";"Осуществление производственного контроля за соблюдением установленных законодательством Российской Федерации требований промышленной безопасности к эксплуатации опасного производственного объекта";"3.1.ZZM.0021.2012| 3.1.ZZM.0022.2012| 3.1.ZZM.0023.2012| 3.1.ZZM.0327.2015";"";"";""
"1";"68002-17";"";"";"TST310-B8A1A3Y8Y1A";"1";"NC055C14175";"";"2019-01-24";"2021-01-24";"Нет данных";"МП 207.1-023-2017";"Пригодно";"паспорт";"";"";"Осуществление производственного контроля за соблюдением установленных законодательством Российской Федерации требований промышленной безопасности к эксплуатации опасного производственного объекта";"3.1.ZZM.0021.2012| 3.1.ZZM.0022.2012| 3.1.ZZM.0023.2012| 3.1.ZZM.0327.2015";"";"";""
"1";"68002-17";"";"";"TST310-B8A1A3Y8Y1A";"1";"NC055D14175";"";"2019-01-24";"2021-01-24";"Нет данных";"МП 207.1-023-2017";"Пригодно";"паспорт";"";"";"Осуществление производственного контроля за соблюдением установленных законодательством Российской Федерации требований промышленной безопасности к эксплуатации опасного производственного объекта";"3.1.ZZM.0021.2012| 3.1.ZZM.0022.2012| 3.1.ZZM.0023.2012| 3.1.ZZM.0327.2015";"";"";""
"1";"68002-17";"";"";"TST310-B8A1A3Y8Y1A";"1";"NC055E14175";"";"2019-01-24";"2021-01-24";"Нет данных";"МП 207.1-023-2017";"Пригодно";"паспорт";"";"";"Осуществление производственного контроля за соблюдением установленных законодательством Российской Федерации требований промышленной безопасности к эксплуатации опасного производственного объекта";"3.1.ZZM.0021.2012| 3.1.ZZM.0022.2012| 3.1.ZZM.0023.2012| 3.1.ZZM.0327.2015";"";"";""
"1";"68002-17";"";"";"TST310-B8A1A3Y8Y1A";"1";"NC055F14175";"";"2019-01-24";"2021-01-24";"Нет данных";"МП 207.1-023-2017";"Пригодно";"паспорт";"";"";"Осуществление производственного контроля за соблюдением установленных законодательством Российской Федерации требований промышленной безопасности к эксплуатации опасного производственного объекта";"3.1.ZZM.0021.2012| 3.1.ZZM.0022.2012| 3.1.ZZM.0023.2012| 3.1.ZZM.0327.2015";"";"";""
"1";"68002-17";"";"";"TST310-B8A1A3Y8Y1A";"1";"NC056014175";"";"2019-01-24";"2021-01-24";"Нет данных";"МП 207.1-023-2017";"Пригодно";"паспорт";"";"";"Осуществление производственного контроля за соблюдением установленных законодательством Российской Федерации требований промышленной безопасности к эксплуатации опасного производственного объекта";"3.1.ZZM.0021.2012| 3.1.ZZM.0022.2012| 3.1.ZZM.0023.2012| 3.1.ZZM.0327.2015";"";"";""
"1";"68002-17";"";"";"TST310-B8A1A3Y8Y1A";"1";"NC056114175";"";"2019-01-24";"2021-01-24";"Нет данных";"МП 207.1-023-2017";"Пригодно";"паспорт";"";"";"Осуществление производственного контроля за соблюдением установленных законодательством Российской Федерации требований промышленной безопасности к эксплуатации опасного производственного объекта";"3.1.ZZM.0021.2012| 3.1.ZZM.0022.2012| 3.1.ZZM.0023.2012| 3.1.ZZM.0327.2015";"";"";""
"1";"68002-17";"";"";"TST310-B8A1A3Y8Y1A";"1";"NC056214175";"";"2019-01-24";"2021-01-24";"Нет данных";"МП 207.1-023-2017";"Пригодно";"паспорт";"";"";"Осуществление производственного контроля за соблюдением установленных законодательством Российской Федерации требований промышленной безопасности к эксплуатации опасного производственного объекта";"3.1.ZZM.0021.2012| 3.1.ZZM.0022.2012| 3.1.ZZM.0023.2012| 3.1.ZZM.0327.2015";"";"";""
"1";"68002-17";"";"";"TST310-B8A1A3Y8Y1A";"1";"NC056314175";"";"2019-01-24";"2021-01-24";"Нет данных";"МП 207.1-023-2017";"Пригодно";"паспорт";"";"";"Осуществление производственного контроля за соблюдением установленных законодательством Российской Федерации требований промышленной безопасности к эксплуатации опасного производственного объекта";"3.1.ZZM.0021.2012| 3.1.ZZM.0022.2012| 3.1.ZZM.0023.2012| 3.1.ZZM.0327.2015";"";"";""
"1";"68002-17";"";"";"TST310-B8A1A3Y8Y1A";"1";"NC056414175";"";"2019-01-24";"2021-01-24";"Нет данных";"МП 207.1-023-2017";"Пригодно";"паспорт";"";"";"Осуществление производственного контроля за соблюдением установленных законодательством Российской Федерации требований промышленной безопасности к эксплуатации опасного производственного объекта";"3.1.ZZM.0021.2012| 3.1.ZZM.0022.2012| 3.1.ZZM.0023.2012| 3.1.ZZM.0327.2015";"";"";""
"1";"68002-17";"";"";"TST310-B8A1A3Y8Y1A";"1";"NC056514175";"";"2019-01-24";"2021-01-24";"Нет данных";"МП 207.1-023-2017";"Пригодно";"паспорт";"";"";"Осуществление производственного контроля за соблюдением установленных законодательством Российской Федерации требований промышленной безопасности к эксплуатации опасного производственного объекта";"3.1.ZZM.0021.2012| 3.1.ZZM.0022.2012| 3.1.ZZM.0023.2012| 3.1.ZZM.0327.2015";"";"";""
"1";"68002-17";"";"";"TST310-B8A1A3Y8Y1A";"1";"NC056614175";"";"2019-01-24";"2021-01-24";"Нет данных";"МП 207.1-023-2017";"Пригодно";"паспорт";"";"";"Осуществление производственного контроля за соблюдением установленных законодательством Российской Федерации требований промышленной безопасности к эксплуатации опасного производственного объекта";"3.1.ZZM.0021.2012| 3.1.ZZM.0022.2012| 3.1.ZZM.0023.2012| 3.1.ZZM.0327.2015";"";"";""
"1";"68002-17";"";"";"TST310-B8A1A3Y8Y1A";"1";"NC056714175";"";"2019-01-24";"2021-01-24";"Нет данных";"МП 207.1-023-2017";"Пригодно";"паспорт";"";"";"Осуществление производственного контроля за соблюдением установленных законодательством Российской Федерации требований промышленной безопасности к эксплуатации опасного производственного объекта";"3.1.ZZM.0021.2012| 3.1.ZZM.0022.2012| 3.1.ZZM.0023.2012| 3.1.ZZM.0327.2015";"";"";""
"1";"68002-17";"";"";"TST310-B8A1A3Y8Y1A";"1";"NC056814175";"";"2019-01-24";"2021-01-24";"Нет данных";"МП 207.1-023-2017";"Пригодно";"паспорт";"";"";"Осуществление производственного контроля за соблюдением установленных законодательством Российской Федерации требований промышленной безопасности к эксплуатации опасного производственного объекта";"3.1.ZZM.0021.2012| 3.1.ZZM.0022.2012| 3.1.ZZM.0023.2012| 3.1.ZZM.0327.2015";"";"";""
"1";"68002-17";"";"";"TST310-B8A1A3Y8Y1A";"1";"NC056914175";"";"2019-01-24";"2021-01-24";"Нет данных";"МП 207.1-023-2017";"Пригодно";"паспорт";"";"";"Осуществление производственного контроля за соблюдением установленных законодательством Российской Федерации требований промышленной безопасности к эксплуатации опасного производственного объекта";"3.1.ZZM.0021.2012| 3.1.ZZM.0022.2012| 3.1.ZZM.0023.2012| 3.1.ZZM.0327.2015";"";"";""
"1";"68002-17";"";"";"TST310-B8A1A3Y8Y1A";"1";"NC056A14175";"";"2019-01-24";"2021-01-24";"Нет данных";"МП 207.1-023-2017";"Пригодно";"паспорт";"";"";"Осуществление производственного контроля за соблюдением установленных законодательством Российской Федерации требований промышленной безопасности к эксплуатации опасного производственного объекта";"3.1.ZZM.0021.2012| 3.1.ZZM.0022.2012| 3.1.ZZM.0023.2012| 3.1.ZZM.0327.2015";"";"";""
"1";"68002-17";"";"";"TST310-B8A1A3Y8Y1A";"1";"NC056B14175";"";"2019-01-24";"2021-01-24";"Нет данных";"МП 207.1-023-2017";"Пригодно";"паспорт";"";"";"Осуществление производственного контроля за соблюдением установленных законодательством Российской Федерации требований промышленной безопасности к эксплуатации опасного производственного объекта";"3.1.ZZM.0021.2012| 3.1.ZZM.0022.2012| 3.1.ZZM.0023.2012| 3.1.ZZM.0327.2015";"";"";""
"1";"68002-17";"";"";"TST310-B8A1A3Y8Y1A";"1";"NC056C14175";"";"2019-01-24";"2021-01-24";"Нет данных";"МП 207.1-023-2017";"Пригодно";"паспорт";"";"";"Осуществление производственного контроля за соблюдением установленных законодательством Российской Федерации требований промышленной безопасности к эксплуатации опасного производственного объекта";"3.1.ZZM.0021.2012| 3.1.ZZM.0022.2012| 3.1.ZZM.0023.2012| 3.1.ZZM.0327.2015";"";"";""
"1";"68002-17";"";"";"TST310-B8A1A3Y8Y1A";"1";"NC056D14175";"";"2019-01-24";"2021-01-24";"Нет данных";"МП 207.1-023-2017";"Пригодно";"паспорт";"";"";"Осуществление производственного контроля за соблюдением установленных законодательством Российской Федерации требований промышленной безопасности к эксплуатации опасного производственного объекта";"3.1.ZZM.0021.2012| 3.1.ZZM.0022.2012| 3.1.ZZM.0023.2012| 3.1.ZZM.0327.2015";"";"";""
"1";"68002-17";"";"";"TST310-B8A1A3Y8Y1A";"1";"NC056E14175";"";"2019-01-24";"2021-01-24";"Нет данных";"МП 207.1-023-2017";"Пригодно";"паспорт";"";"";"Осуществление производственного контроля за соблюдением установленных законодательством Российской Федерации требований промышленной безопасности к эксплуатации опасного производственного объекта";"3.1.ZZM.0021.2012| 3.1.ZZM.0022.2012| 3.1.ZZM.0023.2012| 3.1.ZZM.0327.2015";"";"";""
"1";"68002-17";"";"";"TST310-B8A1A3Y8Y1A";"1";"NC056F14175";"";"2019-01-24";"2021-01-24";"Нет данных";"МП 207.1-023-2017";"Пригодно";"паспорт";"";"";"Осуществление производственного контроля за соблюдением установленных законодательством Российской Федерации требований промышленной безопасности к эксплуатации опасного производственного объекта";"3.1.ZZM.0021.2012| 3.1.ZZM.0022.2012| 3.1.ZZM.0023.2012| 3.1.ZZM.0327.2015";"";"";""
"1";"68002-17";"";"";"TST310-B8A1A3Y8Y1A";"1";"NC057014175";"";"2019-01-24";"2021-01-24";"Нет данных";"МП 207.1-023-2017";"Пригодно";"паспорт";"";"";"Осуществление производственного контроля за соблюдением установленных законодательством Российской Федерации требований промышленной безопасности к эксплуатации опасного производственного объекта";"3.1.ZZM.0021.2012| 3.1.ZZM.0022.2012| 3.1.ZZM.0023.2012| 3.1.ZZM.0327.2015";"";"";""
"1";"68002-17";"";"";"TST310-B8A1A3Y8Y1A";"1";"NC057114175";"";"2019-01-24";"2021-01-24";"Нет данных";"МП 207.1-023-2017";"Пригодно";"паспорт";"";"";"Осуществление производственного контроля за соблюдением установленных законодательством Российской Федерации требований промышленной безопасности к эксплуатации опасного производственного объекта";"3.1.ZZM.0021.2012| 3.1.ZZM.0022.2012| 3.1.ZZM.0023.2012| 3.1.ZZM.0327.2015";"";"";""
"1";"68002-17";"";"";"TST310-B8A1A3Y8Y1A";"1";"NC057214175";"";"2019-01-24";"2021-01-24";"Нет данных";"МП 207.1-023-2017";"Пригодно";"паспорт";"";"";"Осуществление производственного контроля за соблюдением установленных законодательством Российской Федерации требований промышленной безопасности к эксплуатации опасного производственного объекта";"3.1.ZZM.0021.2012| 3.1.ZZM.0022.2012| 3.1.ZZM.0023.2012| 3.1.ZZM.0327.2015";"";"";""
"1";"68002-17";"";"";"TST310-B8A1A3Y8Y1A";"1";"NC057314175";"";"2019-01-24";"2021-01-24";"Нет данных";"МП 207.1-023-2017";"Пригодно";"паспорт";"";"";"Осуществление производственного контроля за соблюдением установленных законодательством Российской Федерации требований промышленной безопасности к эксплуатации опасного производственного объекта";"3.1.ZZM.0021.2012| 3.1.ZZM.0022.2012| 3.1.ZZM.0023.2012| 3.1.ZZM.0327.2015";"";"";""
"1";"68002-17";"";"";"TST310-B8A1A3Y8Y1A";"1";"NC057414175";"";"2019-01-24";"2021-01-24";"Нет данных";"МП 207.1-023-2017";"Пригодно";"паспорт";"";"";"Осуществление производственного контроля за соблюдением установленных законодательством Российской Федерации требований промышленной безопасности к эксплуатации опасного производственного объекта";"3.1.ZZM.0021.2012| 3.1.ZZM.0022.2012| 3.1.ZZM.0023.2012| 3.1.ZZM.0327.2015";"";"";""
"1";"68002-17";"";"";"TST310-B8A1A3Y8Y1A";"1";"NC057514175";"";"2019-01-24";"2021-01-24";"Нет данных";"МП 207.1-023-2017";"Пригодно";"паспорт";"";"";"Осуществление производственного контроля за соблюдением установленных законодательством Российской Федерации требований промышленной безопасности к эксплуатации опасного производственного объекта";"3.1.ZZM.0021.2012| 3.1.ZZM.0022.2012| 3.1.ZZM.0023.2012| 3.1.ZZM.0327.2015";"";"";""
"1";"68002-17";"";"";"TST310-B8A1A3Y8Y1A";"1";"NC057614175";"";"2019-01-24";"2021-01-24";"Нет данных";"МП 207.1-023-2017";"Пригодно";"паспорт";"";"";"Осуществление производственного контроля за соблюдением установленных законодательством Российской Федерации требований промышленной безопасности к эксплуатации опасного производственного объекта";"3.1.ZZM.0021.2012| 3.1.ZZM.0022.2012| 3.1.ZZM.0023.2012| 3.1.ZZM.0327.2015";"";"";""
"1";"68002-17";"";"";"TST310-B8A1A3Y8Y1A";"1";"NC057714175";"";"2019-01-24";"2021-01-24";"Нет данных";"МП 207.1-023-2017";"Пригодно";"паспорт";"";"";"Осуществление производственного контроля за соблюдением установленных законодательством Российской Федерации требований промышленной безопасности к эксплуатации опасного производственного объекта";"3.1.ZZM.0021.2012| 3.1.ZZM.0022.2012| 3.1.ZZM.0023.2012| 3.1.ZZM.0327.2015";"";"";""
"1";"68002-17";"";"";"TST310-B8A1A3Y8Y1A";"1";"NC057814175";"";"2019-01-24";"2021-01-24";"Нет данных";"МП 207.1-023-2017";"Пригодно";"паспорт";"";"";"Осуществление производственного контроля за соблюдением установленных законодательством Российской Федерации требований промышленной безопасности к эксплуатации опасного производственного объекта";"3.1.ZZM.0021.2012| 3.1.ZZM.0022.2012| 3.1.ZZM.0023.2012| 3.1.ZZM.0327.2015";"";"";""
"1";"68002-17";"";"";"TST310-B8A1A3Y8Y1A";"1";"NC057914175";"";"2019-01-24";"2021-01-24";"Нет данных";"МП 207.1-023-2017";"Пригодно";"паспорт";"";"";"Осуществление производственного контроля за соблюдением установленных законодательством Российской Федерации требований промышленной безопасности к эксплуатации опасного производственного объекта";"3.1.ZZM.0021.2012| 3.1.ZZM.0022.2012| 3.1.ZZM.0023.2012| 3.1.ZZM.0327.2015";"";"";""
"1";"68002-17";"";"";"TST310-B8A1A3Y8Y1A";"1";"NC057A14175";"";"2019-01-24";"2021-01-24";"Нет данных";"МП 207.1-023-2017";"Пригодно";"паспорт";"";"";"Осуществление производственного контроля за соблюдением установленных законодательством Российской Федерации требований промышленной безопасности к эксплуатации опасного производственного объекта";"3.1.ZZM.0021.2012| 3.1.ZZM.0022.2012| 3.1.ZZM.0023.2012| 3.1.ZZM.0327.2015";"";"";""
"1";"68002-17";"";"";"TST310-B8A1A3Y8Y1A";"1";"NC057B14175";"";"2019-01-24";"2021-01-24";"Нет данных";"МП 207.1-023-2017";"Пригодно";"паспорт";"";"";"Осуществление производственного контроля за соблюдением установленных законодательством Российской Федерации требований промышленной безопасности к эксплуатации опасного производственного объекта";"3.1.ZZM.0021.2012| 3.1.ZZM.0022.2012| 3.1.ZZM.0023.2012| 3.1.ZZM.0327.2015";"";"";""
"1";"68002-17";"";"";"TST310-B9A1A3C1Y1A";"1";"NC057C14175";"";"2019-01-24";"2021-01-24";"Нет данных";"МП 207.1-023-2017";"Пригодно";"паспорт";"";"";"Осуществление производственного контроля за соблюдением установленных законодательством Российской Федерации требований промышленной безопасности к эксплуатации опасного производственного объекта";"3.1.ZZM.0021.2012| 3.1.ZZM.0022.2012| 3.1.ZZM.0023.2012| 3.1.ZZM.0327.2015";"";"";""
"1";"68002-17";"";"";"TST310-B9A1A3C1Y1A";"1";"NC057D14175";"";"2019-01-24";"2021-01-24";"Нет данных";"МП 207.1-023-2017";"Пригодно";"паспорт";"";"";"Осуществление производственного контроля за соблюдением установленных законодательством Российской Федерации требований промышленной безопасности к эксплуатации опасного производственного объекта";"3.1.ZZM.0021.2012| 3.1.ZZM.0022.2012| 3.1.ZZM.0023.2012| 3.1.ZZM.0327.2015";"";"";""
"1";"68002-17";"";"";"TST310-B9A1A3C1Y1A";"1";"NC057E14175";"";"2019-01-24";"2021-01-24";"Нет данных";"МП 207.1-023-2017";"Пригодно";"паспорт";"";"";"Осуществление производственного контроля за соблюдением установленных законодательством Российской Федерации требований промышленной безопасности к эксплуатации опасного производственного объекта";"3.1.ZZM.0021.2012| 3.1.ZZM.0022.2012| 3.1.ZZM.0023.2012| 3.1.ZZM.0327.2015";"";"";""
"1";"68002-17";"";"";"TST310-B9A1A3C1Y1A";"1";"NC057F14175";"";"2019-01-24";"2021-01-24";"Нет данных";"МП 207.1-023-2017";"Пригодно";"паспорт";"";"";"Осуществление производственного контроля за соблюдением установленных законодательством Российской Федерации требований промышленной безопасности к эксплуатации опасного производственного объекта";"3.1.ZZM.0021.2012| 3.1.ZZM.0022.2012| 3.1.ZZM.0023.2012| 3.1.ZZM.0327.2015";"";"";""
"1";"68002-17";"";"";"TST310-B9A1A3C1Y1A";"1";"NC058014175";"";"2019-01-24";"2021-01-24";"Нет данных";"МП 207.1-023-2017";"Пригодно";"паспорт";"";"";"Осуществление производственного контроля за соблюдением установленных законодательством Российской Федерации требований промышленной безопасности к эксплуатации опасного производственного объекта";"3.1.ZZM.0021.2012| 3.1.ZZM.0022.2012| 3.1.ZZM.0023.2012| 3.1.ZZM.0327.2015";"";"";""
"1";"68002-17";"";"";"TST310-B9A1A3C1Y1A";"1";"NC058114175";"";"2019-01-24";"2021-01-24";"Нет данных";"МП 207.1-023-2017";"Пригодно";"паспорт";"";"";"Осуществление производственного контроля за соблюдением установленных законодательством Российской Федерации требований промышленной безопасности к эксплуатации опасного производственного объекта";"3.1.ZZM.0021.2012| 3.1.ZZM.0022.2012| 3.1.ZZM.0023.2012| 3.1.ZZM.0327.2015";"";"";""
"1";"68002-17";"";"";"TST310-B9A1A3C1Y1A";"1";"NC058214175";"";"2019-01-24";"2021-01-24";"Нет данных";"МП 207.1-023-2017";"Пригодно";"паспорт";"";"";"Осуществление производственного контроля за соблюдением установленных законодательством Российской Федерации требований промышленной безопасности к эксплуатации опасного производственного объекта";"3.1.ZZM.0021.2012| 3.1.ZZM.0022.2012| 3.1.ZZM.0023.2012| 3.1.ZZM.0327.2015";"";"";""
"1";"68002-17";"";"";"TST310-B9A1A3C1Y1A";"1";"NC058314175";"";"2019-01-24";"2021-01-24";"Нет данных";"МП 207.1-023-2017";"Пригодно";"паспорт";"";"";"Осуществление производственного контроля за соблюдением установленных законодательством Российской Федерации требований промышленной безопасности к эксплуатации опасного производственного объекта";"3.1.ZZM.0021.2012| 3.1.ZZM.0022.2012| 3.1.ZZM.0023.2012| 3.1.ZZM.0327.2015";"";"";""
"1";"68002-17";"";"";"TST310-B9A1A3C1Y1A";"1";"NC058414175";"";"2019-01-24";"2021-01-24";"Нет данных";"МП 207.1-023-2017";"Пригодно";"паспорт";"";"";"Осуществление производственного контроля за соблюдением установленных законодательством Российской Федерации требований промышленной безопасности к эксплуатации опасного производственного объекта";"3.1.ZZM.0021.2012| 3.1.ZZM.0022.2012| 3.1.ZZM.0023.2012| 3.1.ZZM.0327.2015";"";"";""
"1";"68002-17";"";"";"TST310-B9A1A3C1Y1A";"1";"NC058514175";"";"2019-01-24";"2021-01-24";"Нет данных";"МП 207.1-023-2017";"Пригодно";"паспорт";"";"";"Осуществление производственного контроля за соблюдением установленных законодательством Российской Федерации требований промышленной безопасности к эксплуатации опасного производственного объекта";"3.1.ZZM.0021.2012| 3.1.ZZM.0022.2012| 3.1.ZZM.0023.2012| 3.1.ZZM.0327.2015";"";"";""
"1";"68002-17";"";"";"TST310-B9A1A3C1Y1A";"1";"NC058614175";"";"2019-01-24";"2021-01-24";"Нет данных";"МП 207.1-023-2017";"Пригодно";"паспорт";"";"";"Осуществление производственного контроля за соблюдением установленных законодательством Российской Федерации требований промышленной безопасности к эксплуатации опасного производственного объекта";"3.1.ZZM.0021.2012| 3.1.ZZM.0022.2012| 3.1.ZZM.0023.2012| 3.1.ZZM.0327.2015";"";"";""
"1";"68002-17";"";"";"TST310-B9A1A3C1Y1A";"1";"NC058714175";"";"2019-01-24";"2021-01-24";"Нет данных";"МП 207.1-023-2017";"Пригодно";"паспорт";"";"";"Осуществление производственного контроля за соблюдением установленных законодательством Российской Федерации требований промышленной безопасности к эксплуатации опасного производственного объекта";"3.1.ZZM.0021.2012| 3.1.ZZM.0022.2012| 3.1.ZZM.0023.2012| 3.1.ZZM.0327.2015";"";"";""
"1";"68002-17";"";"";"TST310-B9A1A3C1Y1A";"1";"NC058814175";"";"2019-01-24";"2021-01-24";"Нет данных";"МП 207.1-023-2017";"Пригодно";"паспорт";"";"";"Осуществление производственного контроля за соблюдением установленных законодательством Российской Федерации требований промышленной безопасности к эксплуатации опасного производственного объекта";"3.1.ZZM.0021.2012| 3.1.ZZM.0022.2012| 3.1.ZZM.0023.2012| 3.1.ZZM.0327.2015";"";"";""
"1";"68002-17";"";"";"TST310-B9A1A3C1Y1A";"1";"NC058914175";"";"2019-01-24";"2021-01-24";"Нет данных";"МП 207.1-023-2017";"Пригодно";"паспорт";"";"";"Осуществление производственного контроля за соблюдением установленных законодательством Российской Федерации требований промышленной безопасности к эксплуатации опасного производственного объекта";"3.1.ZZM.0021.2012| 3.1.ZZM.0022.2012| 3.1.ZZM.0023.2012| 3.1.ZZM.0327.2015";"";"";""
"1";"68002-17";"";"";"TST310-B9A1A3C1Y1A";"1";"NC058A14175";"";"2019-01-24";"2021-01-24";"Нет данных";"МП 207.1-023-2017";"Пригодно";"паспорт";"";"";"Осуществление производственного контроля за соблюдением установленных законодательством Российской Федерации требований промышленной безопасности к эксплуатации опасного производственного объекта";"3.1.ZZM.0021.2012| 3.1.ZZM.0022.2012| 3.1.ZZM.0023.2012| 3.1.ZZM.0327.2015";"";"";""
"1";"68002-17";"";"";"TST310-B9A1A3C1Y1A";"1";"NC058B14175";"";"2019-01-24";"2021-01-24";"Нет данных";"МП 207.1-023-2017";"Пригодно";"паспорт";"";"";"Осуществление производственного контроля за соблюдением установленных законодательством Российской Федерации требований промышленной безопасности к эксплуатации опасного производственного объекта";"3.1.ZZM.0021.2012| 3.1.ZZM.0022.2012| 3.1.ZZM.0023.2012| 3.1.ZZM.0327.2015";"";"";""
"1";"68002-17";"";"";"TST310-B9A1A3C1Y1A";"1";"NC058C14175";"";"2019-01-24";"2021-01-24";"Нет данных";"МП 207.1-023-2017";"Пригодно";"паспорт";"";"";"Осуществление производственного контроля за соблюдением установленных законодательством Российской Федерации требований промышленной безопасности к эксплуатации опасного производственного объекта";"3.1.ZZM.0021.2012| 3.1.ZZM.0022.2012| 3.1.ZZM.0023.2012| 3.1.ZZM.0327.2015";"";"";""
"1";"68002-17";"";"";"TST310-B9A1A3C1Y1A";"1";"NC058D14175";"";"2019-01-24";"2021-01-24";"Нет данных";"МП 207.1-023-2017";"Пригодно";"паспорт";"";"";"Осуществление производственного контроля за соблюдением установленных законодательством Российской Федерации требований промышленной безопасности к эксплуатации опасного производственного объекта";"3.1.ZZM.0021.2012| 3.1.ZZM.0022.2012| 3.1.ZZM.0023.2012| 3.1.ZZM.0327.2015";"";"";""
"1";"68002-17";"";"";"TST310-B9A1A3C1Y1A";"1";"NC058E14175";"";"2019-01-24";"2021-01-24";"Нет данных";"МП 207.1-023-2017";"Пригодно";"паспорт";"";"";"Осуществление производственного контроля за соблюдением установленных законодательством Российской Федерации требований промышленной безопасности к эксплуатации опасного производственного объекта";"3.1.ZZM.0021.2012| 3.1.ZZM.0022.2012| 3.1.ZZM.0023.2012| 3.1.ZZM.0327.2015";"";"";""
"1";"68002-17";"";"";"TST310-B9A1A3C1Y1A";"1";"NC058F14175";"";"2019-01-24";"2021-01-24";"Нет данных";"МП 207.1-023-2017";"Пригодно";"паспорт";"";"";"Осуществление производственного контроля за соблюдением установленных законодательством Российской Федерации требований промышленной безопасности к эксплуатации опасного производственного объекта";"3.1.ZZM.0021.2012| 3.1.ZZM.0022.2012| 3.1.ZZM.0023.2012| 3.1.ZZM.0327.2015";"";"";""
"1";"68002-17";"";"";"TST310-B9A1A3C1Y1A";"1";"NC059014175";"";"2019-01-24";"2021-01-24";"Нет данных";"МП 207.1-023-2017";"Пригодно";"паспорт";"";"";"Осуществление производственного контроля за соблюдением установленных законодательством Российской Федерации требований промышленной безопасности к эксплуатации опасного производственного объекта";"3.1.ZZM.0021.2012| 3.1.ZZM.0022.2012| 3.1.ZZM.0023.2012| 3.1.ZZM.0327.2015";"";"";""
"1";"68002-17";"";"";"TST310-B9A1A3C1Y1A";"1";"NC059114175";"";"2019-01-24";"2021-01-24";"Нет данных";"МП 207.1-023-2017";"Пригодно";"паспорт";"";"";"Осуществление производственного контроля за соблюдением установленных законодательством Российской Федерации требований промышленной безопасности к эксплуатации опасного производственного объекта";"3.1.ZZM.0021.2012| 3.1.ZZM.0022.2012| 3.1.ZZM.0023.2012| 3.1.ZZM.0327.2015";"";"";""
"1";"68002-17";"";"";"TST310-B9A1A3C1Y1A";"1";"NC059214175";"";"2019-01-24";"2021-01-24";"Нет данных";"МП 207.1-023-2017";"Пригодно";"паспорт";"";"";"Осуществление производственного контроля за соблюдением установленных законодательством Российской Федерации требований промышленной безопасности к эксплуатации опасного производственного объекта";"3.1.ZZM.0021.2012| 3.1.ZZM.0022.2012| 3.1.ZZM.0023.2012| 3.1.ZZM.0327.2015";"";"";""
"1";"68002-17";"";"";"TST310-B9A1A3C1Y1A";"1";"NC059314175";"";"2019-01-24";"2021-01-24";"Нет данных";"МП 207.1-023-2017";"Пригодно";"паспорт";"";"";"Осуществление производственного контроля за соблюдением установленных законодательством Российской Федерации требований промышленной безопасности к эксплуатации опасного производственного объекта";"3.1.ZZM.0021.2012| 3.1.ZZM.0022.2012| 3.1.ZZM.0023.2012| 3.1.ZZM.0327.2015";"";"";""
